NewDate,Date,level,Pression,PressioncorrigeePam,hauteurcorrigeePam
2021-03-16 11:49:34.000,2021-03-16 11:49:34,0.02,0.0020200002,0.0020098056666666667,0.019890597732318584
2021-03-16 11:49:34.500,2021-03-16 11:49:34,0.02,0.0020200002,0.0020098056833333334,0.01989059789726486
2021-03-16 11:49:35.000,2021-03-16 11:49:35,0.02,0.0020200002,0.0020098057,0.019890598062211138
2021-03-16 11:49:35.500,2021-03-16 11:49:35,0.02,0.0020200002,0.002009805716666667,0.019890598227157417
2021-03-16 11:49:36.000,2021-03-16 11:49:36,0.02,0.0020200002,0.0020098057333333337,0.019890598392103692
2021-03-16 11:49:36.500,2021-03-16 11:49:36,0.02,0.0020200002,0.00200980575,0.019890598557049964
2021-03-16 11:49:37.000,2021-03-16 11:49:37,0.02,0.0020200002,0.0020098057666666667,0.019890598721996246
2021-03-16 11:49:37.500,2021-03-16 11:49:37,0.02,0.0020200002,0.0020098057833333335,0.019890598886942522
2021-03-16 11:49:38.000,2021-03-16 11:49:38,0.02,0.0020200002,0.0020098058,0.0198905990518888
2021-03-16 11:49:38.500,2021-03-16 11:49:38,0.02,0.0020200002,0.002009805816666667,0.019890599216835076
2021-03-16 11:49:39.000,2021-03-16 11:49:39,0.02,0.0020200002,0.0020098058333333337,0.019890599381781355
2021-03-16 11:49:39.500,2021-03-16 11:49:39,0.02,0.0020200002,0.00200980585,0.019890599546727627
2021-03-16 11:49:40.000,2021-03-16 11:49:40,0.02,0.0020200002,0.0020098058666666667,0.019890599711673906
2021-03-16 11:49:40.500,2021-03-16 11:49:40,0.02,0.0020200002,0.0020098058833333335,0.019890599876620185
2021-03-16 11:49:41.000,2021-03-16 11:49:41,0.02,0.0020200002,0.0020098059000000002,0.019890600041566463
2021-03-16 11:49:41.500,2021-03-16 11:49:41,0.02,0.0020200002,0.002009805916666667,0.01989060020651274
2021-03-16 11:49:42.000,2021-03-16 11:49:42,0.02,0.0020200002,0.0020098059333333333,0.019890600371459014
2021-03-16 11:49:42.500,2021-03-16 11:49:42,0.02,0.0020200002,0.00200980595,0.01989060053640529
2021-03-16 11:49:43.000,2021-03-16 11:49:43,0.02,0.0020200002,0.0020098059666666668,0.01989060070135157
2021-03-16 11:49:43.500,2021-03-16 11:49:43,0.02,0.0020200002,0.0020098059833333335,0.019890600866297847
2021-03-16 11:49:44.000,2021-03-16 11:49:44,0.02,0.0020200002,0.0020098060000000003,0.019890601031244126
2021-03-16 11:49:44.500,2021-03-16 11:49:44,0.02,0.0020200002,0.002009806016666667,0.0198906011961904
2021-03-16 11:49:45.000,2021-03-16 11:49:45,0.02,0.0020200002,0.0020098060333333333,0.019890601361136677
2021-03-16 11:49:45.500,2021-03-16 11:49:45,0.02,0.0020200002,0.00200980605,0.019890601526082952
2021-03-16 11:49:46.000,2021-03-16 11:49:46,0.02,0.0020200002,0.002009806066666667,0.01989060169102923
2021-03-16 11:49:46.500,2021-03-16 11:49:46,0.02,0.0020200002,0.0020098060833333336,0.01989060185597551
2021-03-16 11:49:47.000,2021-03-16 11:49:47,0.02,0.0020200002,0.0020098061000000003,0.01989060202092179
2021-03-16 11:49:47.500,2021-03-16 11:49:47,0.02,0.0020200002,0.002009806116666667,0.019890602185868064
2021-03-16 11:49:48.000,2021-03-16 11:49:48,0.02,0.0020200002,0.0020098061333333334,0.01989060235081434
2021-03-16 11:49:48.500,2021-03-16 11:49:48,0.02,0.0020200002,0.00200980615,0.019890602515760615
2021-03-16 11:49:49.000,2021-03-16 11:49:49,0.02,0.0020200002,0.002009806166666667,0.019890602680706894
2021-03-16 11:49:49.500,2021-03-16 11:49:49,0.02,0.0020200002,0.0020098061833333336,0.01989060284565317
2021-03-16 11:49:50.000,2021-03-16 11:49:50,0.02,0.0020200002,0.0020098062000000003,0.01989060301059945
2021-03-16 11:49:50.500,2021-03-16 11:49:50,0.02,0.0020200002,0.0020098062166666666,0.019890603175545724
2021-03-16 11:49:51.000,2021-03-16 11:49:51,0.02,0.0020200002,0.0020098062333333334,0.019890603340492
2021-03-16 11:49:51.500,2021-03-16 11:49:51,0.02,0.0020200002,0.00200980625,0.019890603505438278
2021-03-16 11:49:52.000,2021-03-16 11:49:52,0.02,0.0020200002,0.002009806266666667,0.019890603670384557
2021-03-16 11:49:52.500,2021-03-16 11:49:52,0.02,0.0020200002,0.0020098062833333336,0.019890603835330832
2021-03-16 11:49:53.000,2021-03-16 11:49:53,0.02,0.0020200002,0.0020098063000000004,0.01989060400027711
2021-03-16 11:49:53.500,2021-03-16 11:49:53,0.02,0.0020200002,0.0020098063166666667,0.019890604165223386
2021-03-16 11:49:54.000,2021-03-16 11:49:54,0.02,0.0020200002,0.0020098063333333334,0.01989060433016966
2021-03-16 11:49:54.500,2021-03-16 11:49:54,0.02,0.0020200002,0.00200980635,0.01989060449511594
2021-03-16 11:49:55.000,2021-03-16 11:49:55,0.02,0.0020200002,0.002009806366666667,0.01989060466006222
2021-03-16 11:49:55.500,2021-03-16 11:49:55,0.02,0.0020200002,0.0020098063833333337,0.019890604825008495
2021-03-16 11:49:56.000,2021-03-16 11:49:56,0.02,0.0020200002,0.0020098064,0.01989060498995477
2021-03-16 11:49:56.500,2021-03-16 11:49:56,0.02,0.0020200002,0.0020098064166666667,0.01989060515490105
2021-03-16 11:49:57.000,2021-03-16 11:49:57,0.02,0.0020200002,0.0020098064333333335,0.019890605319847324
2021-03-16 11:49:57.500,2021-03-16 11:49:57,0.02,0.0020200002,0.00200980645,0.019890605484793603
2021-03-16 11:49:58.000,2021-03-16 11:49:58,0.02,0.0020200002,0.002009806466666667,0.019890605649739882
2021-03-16 11:49:58.500,2021-03-16 11:49:58,0.02,0.0020200002,0.0020098064833333337,0.019890605814686158
2021-03-16 11:49:59.000,2021-03-16 11:49:59,0.02,0.0020200002,0.0020098065,0.019890605979632433
2021-03-16 11:49:59.500,2021-03-16 11:49:59,0.02,0.0020200002,0.0020098064983333336,0.019890605963137808
2021-03-16 11:50:00.000,2021-03-16 11:50:00,0.02,0.0020200002,0.002009806496666667,0.01989060594664318
2021-03-16 11:50:00.500,2021-03-16 11:50:00,0.02,0.0020200002,0.002009806495,0.019890605930148547
2021-03-16 11:50:01.000,2021-03-16 11:50:01,0.02,0.0020200002,0.0020098064933333337,0.019890605913653922
2021-03-16 11:50:01.500,2021-03-16 11:50:01,0.02,0.0020200002,0.002009806491666667,0.019890605897159297
2021-03-16 11:50:02.000,2021-03-16 11:50:02,0.02,0.0020200002,0.00200980649,0.019890605880664665
2021-03-16 11:50:02.500,2021-03-16 11:50:02,0.02,0.0020200002,0.0020098064883333337,0.01989060586417004
2021-03-16 11:50:03.000,2021-03-16 11:50:03,0.02,0.0020200002,0.002009806486666667,0.01989060584767541
2021-03-16 11:50:03.500,2021-03-16 11:50:03,0.02,0.0020200002,0.002009806485,0.019890605831180783
2021-03-16 11:50:04.000,2021-03-16 11:50:04,0.02,0.0020200002,0.0020098064833333337,0.019890605814686158
2021-03-16 11:50:04.500,2021-03-16 11:50:04,0.02,0.0020200002,0.002009806481666667,0.01989060579819153
2021-03-16 11:50:05.000,2021-03-16 11:50:05,0.02,0.0020200002,0.00200980648,0.0198906057816969
2021-03-16 11:50:05.500,2021-03-16 11:50:05,0.02,0.0020200002,0.0020098064783333333,0.019890605765202272
2021-03-16 11:50:06.000,2021-03-16 11:50:06,0.02,0.0020200002,0.002009806476666667,0.019890605748707647
2021-03-16 11:50:06.500,2021-03-16 11:50:06,0.02,0.0020200002,0.002009806475,0.019890605732213018
2021-03-16 11:50:07.000,2021-03-16 11:50:07,0.02,0.0020200002,0.0020098064733333333,0.01989060571571839
2021-03-16 11:50:07.500,2021-03-16 11:50:07,0.02,0.0020200002,0.002009806471666667,0.019890605699223764
2021-03-16 11:50:08.000,2021-03-16 11:50:08,0.02,0.0020200002,0.00200980647,0.019890605682729132
2021-03-16 11:50:08.500,2021-03-16 11:50:08,0.02,0.0020200002,0.0020098064683333333,0.019890605666234507
2021-03-16 11:50:09.000,2021-03-16 11:50:09,0.02,0.0020200002,0.002009806466666667,0.019890605649739882
2021-03-16 11:50:09.500,2021-03-16 11:50:09,0.02,0.0020200002,0.002009806465,0.01989060563324525
2021-03-16 11:50:10.000,2021-03-16 11:50:10,0.02,0.0020200002,0.0020098064633333333,0.01989060561675062
2021-03-16 11:50:10.500,2021-03-16 11:50:10,0.02,0.0020200002,0.002009806461666667,0.019890605600255996
2021-03-16 11:50:11.000,2021-03-16 11:50:11,0.02,0.0020200002,0.00200980646,0.019890605583761368
2021-03-16 11:50:11.500,2021-03-16 11:50:11,0.02,0.0020200002,0.0020098064583333334,0.01989060556726674
2021-03-16 11:50:12.000,2021-03-16 11:50:12,0.02,0.0020200002,0.002009806456666667,0.019890605550772114
2021-03-16 11:50:12.500,2021-03-16 11:50:12,0.02,0.0020200002,0.002009806455,0.019890605534277486
2021-03-16 11:50:13.000,2021-03-16 11:50:13,0.02,0.0020200002,0.0020098064533333334,0.019890605517782857
2021-03-16 11:50:13.500,2021-03-16 11:50:13,0.02,0.0020200002,0.002009806451666667,0.019890605501288232
2021-03-16 11:50:14.000,2021-03-16 11:50:14,0.02,0.0020200002,0.00200980645,0.019890605484793603
2021-03-16 11:50:14.500,2021-03-16 11:50:14,0.02,0.0020200002,0.0020098064483333334,0.019890605468298975
2021-03-16 11:50:15.000,2021-03-16 11:50:15,0.02,0.0020200002,0.002009806446666667,0.01989060545180435
2021-03-16 11:50:15.500,2021-03-16 11:50:15,0.02,0.0020200002,0.0020098064450000002,0.019890605435309718
2021-03-16 11:50:16.000,2021-03-16 11:50:16,0.02,0.0020200002,0.0020098064433333334,0.019890605418815092
2021-03-16 11:50:16.500,2021-03-16 11:50:16,0.02,0.0020200002,0.0020098064416666666,0.01989060540232046
2021-03-16 11:50:17.000,2021-03-16 11:50:17,0.02,0.0020200002,0.0020098064400000002,0.019890605385825835
2021-03-16 11:50:17.500,2021-03-16 11:50:17,0.02,0.0020200002,0.0020098064383333334,0.019890605369331207
2021-03-16 11:50:18.000,2021-03-16 11:50:18,0.02,0.0020200002,0.0020098064366666666,0.019890605352836578
2021-03-16 11:50:18.500,2021-03-16 11:50:18,0.02,0.0020200002,0.0020098064350000003,0.019890605336341953
2021-03-16 11:50:19.000,2021-03-16 11:50:19,0.02,0.0020200002,0.0020098064333333335,0.019890605319847324
2021-03-16 11:50:19.500,2021-03-16 11:50:19,0.02,0.0020200002,0.0020098064316666667,0.019890605303352696
2021-03-16 11:50:20.000,2021-03-16 11:50:20,0.02,0.0020200002,0.0020098064300000003,0.01989060528685807
2021-03-16 11:50:20.500,2021-03-16 11:50:20,0.02,0.0020200002,0.0020098064283333335,0.019890605270363442
2021-03-16 11:50:21.000,2021-03-16 11:50:21,0.02,0.0020200002,0.0020098064266666667,0.01989060525386881
2021-03-16 11:50:21.500,2021-03-16 11:50:21,0.02,0.0020200002,0.0020098064250000003,0.019890605237374185
2021-03-16 11:50:22.000,2021-03-16 11:50:22,0.02,0.0020200002,0.0020098064233333335,0.01989060522087956
2021-03-16 11:50:22.500,2021-03-16 11:50:22,0.02,0.0020200002,0.0020098064216666667,0.019890605204384928
2021-03-16 11:50:23.000,2021-03-16 11:50:23,0.02,0.0020200002,0.0020098064200000003,0.019890605187890306
2021-03-16 11:50:23.500,2021-03-16 11:50:23,0.02,0.0020200002,0.0020098064183333335,0.019890605171395678
2021-03-16 11:50:24.000,2021-03-16 11:50:24,0.02,0.0020200002,0.0020098064166666667,0.01989060515490105
2021-03-16 11:50:24.500,2021-03-16 11:50:24,0.02,0.0020200002,0.0020098064150000003,0.019890605138406424
2021-03-16 11:50:25.000,2021-03-16 11:50:25,0.02,0.0020200002,0.0020098064133333335,0.019890605121911792
2021-03-16 11:50:25.500,2021-03-16 11:50:25,0.02,0.0020200002,0.0020098064116666667,0.019890605105417167
2021-03-16 11:50:26.000,2021-03-16 11:50:26,0.02,0.0020200002,0.0020098064100000004,0.01989060508892254
2021-03-16 11:50:26.500,2021-03-16 11:50:26,0.02,0.0020200002,0.0020098064083333336,0.01989060507242791
2021-03-16 11:50:27.000,2021-03-16 11:50:27,0.02,0.0020200002,0.0020098064066666668,0.01989060505593328
2021-03-16 11:50:27.500,2021-03-16 11:50:27,0.02,0.0020200002,0.002009806405,0.019890605039438652
2021-03-16 11:50:28.000,2021-03-16 11:50:28,0.02,0.0020200002,0.0020098064033333336,0.019890605022944027
2021-03-16 11:50:28.500,2021-03-16 11:50:28,0.02,0.0020200002,0.0020098064016666668,0.0198906050064494
2021-03-16 11:50:29.000,2021-03-16 11:50:29,0.02,0.0020200002,0.0020098064,0.01989060498995477
2021-03-16 11:50:29.500,2021-03-16 11:50:29,0.02,0.0020200002,0.0020098063983333336,0.019890604973460145
2021-03-16 11:50:30.000,2021-03-16 11:50:30,0.02,0.0020200002,0.002009806396666667,0.019890604956965516
2021-03-16 11:50:30.500,2021-03-16 11:50:30,0.02,0.0020200002,0.002009806395,0.019890604940470884
2021-03-16 11:50:31.000,2021-03-16 11:50:31,0.02,0.0020200002,0.0020098063933333336,0.019890604923976263
2021-03-16 11:50:31.500,2021-03-16 11:50:31,0.02,0.0020200002,0.002009806391666667,0.019890604907481634
2021-03-16 11:50:32.000,2021-03-16 11:50:32,0.02,0.0020200002,0.00200980639,0.019890604890987002
2021-03-16 11:50:32.500,2021-03-16 11:50:32,0.02,0.0020200002,0.0020098063883333336,0.019890604874492377
2021-03-16 11:50:33.000,2021-03-16 11:50:33,0.02,0.0020200002,0.002009806386666667,0.019890604857997752
2021-03-16 11:50:33.500,2021-03-16 11:50:33,0.02,0.0020200002,0.002009806385,0.01989060484150312
2021-03-16 11:50:34.000,2021-03-16 11:50:34,0.02,0.0020200002,0.0020098063833333337,0.019890604825008495
2021-03-16 11:50:34.500,2021-03-16 11:50:34,0.02,0.0020200002,0.002009806381666667,0.019890604808513866
2021-03-16 11:50:35.000,2021-03-16 11:50:35,0.02,0.0020200002,0.00200980638,0.019890604792019238
2021-03-16 11:50:35.500,2021-03-16 11:50:35,0.02,0.0020200002,0.0020098063783333337,0.019890604775524613
2021-03-16 11:50:36.000,2021-03-16 11:50:36,0.02,0.0020200002,0.002009806376666667,0.019890604759029984
2021-03-16 11:50:36.500,2021-03-16 11:50:36,0.02,0.0020200002,0.002009806375,0.019890604742535355
2021-03-16 11:50:37.000,2021-03-16 11:50:37,0.02,0.0020200002,0.0020098063733333337,0.01989060472604073
2021-03-16 11:50:37.500,2021-03-16 11:50:37,0.02,0.0020200002,0.002009806371666667,0.0198906047095461
2021-03-16 11:50:38.000,2021-03-16 11:50:38,0.02,0.0020200002,0.00200980637,0.01989060469305147
2021-03-16 11:50:38.500,2021-03-16 11:50:38,0.02,0.0020200002,0.0020098063683333333,0.019890604676556844
2021-03-16 11:50:39.000,2021-03-16 11:50:39,0.02,0.0020200002,0.002009806366666667,0.01989060466006222
2021-03-16 11:50:39.500,2021-03-16 11:50:39,0.02,0.0020200002,0.002009806365,0.019890604643567587
2021-03-16 11:50:40.000,2021-03-16 11:50:40,0.02,0.0020200002,0.0020098063633333333,0.019890604627072962
2021-03-16 11:50:40.500,2021-03-16 11:50:40,0.02,0.0020200002,0.002009806361666667,0.019890604610578337
2021-03-16 11:50:41.000,2021-03-16 11:50:41,0.02,0.0020200002,0.00200980636,0.019890604594083705
2021-03-16 11:50:41.500,2021-03-16 11:50:41,0.02,0.0020200002,0.0020098063583333333,0.019890604577589076
2021-03-16 11:50:42.000,2021-03-16 11:50:42,0.02,0.0020200002,0.002009806356666667,0.01989060456109445
2021-03-16 11:50:42.500,2021-03-16 11:50:42,0.02,0.0020200002,0.002009806355,0.019890604544599823
2021-03-16 11:50:43.000,2021-03-16 11:50:43,0.02,0.0020200002,0.0020098063533333333,0.019890604528105194
2021-03-16 11:50:43.500,2021-03-16 11:50:43,0.02,0.0020200002,0.002009806351666667,0.01989060451161057
2021-03-16 11:50:44.000,2021-03-16 11:50:44,0.02,0.0020200002,0.00200980635,0.01989060449511594
2021-03-16 11:50:44.500,2021-03-16 11:50:44,0.02,0.0020200002,0.0020098063483333334,0.019890604478621312
2021-03-16 11:50:45.000,2021-03-16 11:50:45,0.02,0.0020200002,0.002009806346666667,0.019890604462126687
2021-03-16 11:50:45.500,2021-03-16 11:50:45,0.02,0.0020200002,0.002009806345,0.019890604445632055
2021-03-16 11:50:46.000,2021-03-16 11:50:46,0.02,0.0020200002,0.0020098063433333334,0.01989060442913743
2021-03-16 11:50:46.500,2021-03-16 11:50:46,0.02,0.0020200002,0.002009806341666667,0.019890604412642805
2021-03-16 11:50:47.000,2021-03-16 11:50:47,0.02,0.0020200002,0.00200980634,0.019890604396148173
2021-03-16 11:50:47.500,2021-03-16 11:50:47,0.02,0.0020200002,0.0020098063383333334,0.019890604379653544
2021-03-16 11:50:48.000,2021-03-16 11:50:48,0.02,0.0020200002,0.002009806336666667,0.019890604363158922
2021-03-16 11:50:48.500,2021-03-16 11:50:48,0.02,0.0020200002,0.0020098063350000002,0.01989060434666429
2021-03-16 11:50:49.000,2021-03-16 11:50:49,0.02,0.0020200002,0.0020098063333333334,0.01989060433016966
2021-03-16 11:50:49.500,2021-03-16 11:50:49,0.02,0.0020200002,0.0020098063316666666,0.019890604313675033
2021-03-16 11:50:50.000,2021-03-16 11:50:50,0.02,0.0020200002,0.0020098063300000002,0.019890604297180408
2021-03-16 11:50:50.500,2021-03-16 11:50:50,0.02,0.0020200002,0.0020098063283333334,0.01989060428068578
2021-03-16 11:50:51.000,2021-03-16 11:50:51,0.02,0.0020200002,0.0020098063266666666,0.01989060426419115
2021-03-16 11:50:51.500,2021-03-16 11:50:51,0.02,0.0020200002,0.0020098063250000003,0.019890604247696526
2021-03-16 11:50:52.000,2021-03-16 11:50:52,0.02,0.0020200002,0.0020098063233333335,0.019890604231201897
2021-03-16 11:50:52.500,2021-03-16 11:50:52,0.02,0.0020200002,0.0020098063216666667,0.019890604214707265
2021-03-16 11:50:53.000,2021-03-16 11:50:53,0.02,0.0020200002,0.0020098063200000003,0.019890604198212643
2021-03-16 11:50:53.500,2021-03-16 11:50:53,0.02,0.0020200002,0.0020098063183333335,0.019890604181718015
2021-03-16 11:50:54.000,2021-03-16 11:50:54,0.02,0.0020200002,0.0020098063166666667,0.019890604165223386
2021-03-16 11:50:54.500,2021-03-16 11:50:54,0.02,0.0020200002,0.0020098063150000003,0.01989060414872876
2021-03-16 11:50:55.000,2021-03-16 11:50:55,0.02,0.0020200002,0.0020098063133333335,0.01989060413223413
2021-03-16 11:50:55.500,2021-03-16 11:50:55,0.02,0.0020200002,0.0020098063116666667,0.019890604115739504
2021-03-16 11:50:56.000,2021-03-16 11:50:56,0.02,0.0020200002,0.0020098063100000003,0.01989060409924488
2021-03-16 11:50:56.500,2021-03-16 11:50:56,0.02,0.0020200002,0.0020098063083333335,0.019890604082750247
2021-03-16 11:50:57.000,2021-03-16 11:50:57,0.02,0.0020200002,0.0020098063066666667,0.019890604066255622
2021-03-16 11:50:57.500,2021-03-16 11:50:57,0.02,0.0020200002,0.0020098063050000003,0.019890604049760997
2021-03-16 11:50:58.000,2021-03-16 11:50:58,0.02,0.0020200002,0.0020098063033333335,0.019890604033266365
2021-03-16 11:50:58.500,2021-03-16 11:50:58,0.02,0.0020200002,0.0020098063016666667,0.019890604016771736
2021-03-16 11:50:59.000,2021-03-16 11:50:59,0.02,0.0020200002,0.0020098063000000004,0.01989060400027711
2021-03-16 11:50:59.500,2021-03-16 11:50:59,0.02,0.0020200002,0.0020098062916666668,0.01989060391780397
2021-03-16 11:51:00.000,2021-03-16 11:51:00,0.02,0.0020200002,0.0020098062833333336,0.019890603835330832
2021-03-16 11:51:00.500,2021-03-16 11:51:00,0.02,0.0020200002,0.002009806275,0.019890603752857693
2021-03-16 11:51:01.000,2021-03-16 11:51:01,0.02,0.0020200002,0.002009806266666667,0.019890603670384557
2021-03-16 11:51:01.500,2021-03-16 11:51:01,0.02,0.0020200002,0.0020098062583333333,0.019890603587911414
2021-03-16 11:51:02.000,2021-03-16 11:51:02,0.02,0.0020200002,0.00200980625,0.019890603505438278
2021-03-16 11:51:02.500,2021-03-16 11:51:02,0.02,0.0020200002,0.002009806241666667,0.019890603422965142
2021-03-16 11:51:03.000,2021-03-16 11:51:03,0.02,0.0020200002,0.0020098062333333334,0.019890603340492
2021-03-16 11:51:03.500,2021-03-16 11:51:03,0.02,0.0020200002,0.0020098062250000002,0.019890603258018863
2021-03-16 11:51:04.000,2021-03-16 11:51:04,0.02,0.0020200002,0.0020098062166666666,0.019890603175545724
2021-03-16 11:51:04.500,2021-03-16 11:51:04,0.02,0.0020200002,0.0020098062083333335,0.019890603093072584
2021-03-16 11:51:05.000,2021-03-16 11:51:05,0.02,0.0020200002,0.0020098062000000003,0.01989060301059945
2021-03-16 11:51:05.500,2021-03-16 11:51:05,0.02,0.0020200002,0.0020098061916666667,0.01989060292812631
2021-03-16 11:51:06.000,2021-03-16 11:51:06,0.02,0.0020200002,0.0020098061833333336,0.01989060284565317
2021-03-16 11:51:06.500,2021-03-16 11:51:06,0.02,0.0020200002,0.002009806175,0.01989060276318003
2021-03-16 11:51:07.000,2021-03-16 11:51:07,0.02,0.0020200002,0.002009806166666667,0.019890602680706894
2021-03-16 11:51:07.500,2021-03-16 11:51:07,0.02,0.0020200002,0.0020098061583333337,0.019890602598233754
2021-03-16 11:51:08.000,2021-03-16 11:51:08,0.02,0.0020200002,0.00200980615,0.019890602515760615
2021-03-16 11:51:08.500,2021-03-16 11:51:08,0.02,0.0020200002,0.002009806141666667,0.01989060243328748
2021-03-16 11:51:09.000,2021-03-16 11:51:09,0.02,0.0020200002,0.0020098061333333334,0.01989060235081434
2021-03-16 11:51:09.500,2021-03-16 11:51:09,0.02,0.0020200002,0.002009806125,0.0198906022683412
2021-03-16 11:51:10.000,2021-03-16 11:51:10,0.02,0.0020200002,0.002009806116666667,0.019890602185868064
2021-03-16 11:51:10.500,2021-03-16 11:51:10,0.02,0.0020200002,0.0020098061083333335,0.019890602103394925
2021-03-16 11:51:11.000,2021-03-16 11:51:11,0.02,0.0020200002,0.0020098061000000003,0.01989060202092179
2021-03-16 11:51:11.500,2021-03-16 11:51:11,0.02,0.0020200002,0.0020098060916666667,0.019890601938448646
2021-03-16 11:51:12.000,2021-03-16 11:51:12,0.02,0.0020200002,0.0020098060833333336,0.01989060185597551
2021-03-16 11:51:12.500,2021-03-16 11:51:12,0.02,0.0020200002,0.002009806075,0.019890601773502367
2021-03-16 11:51:13.000,2021-03-16 11:51:13,0.02,0.0020200002,0.002009806066666667,0.01989060169102923
2021-03-16 11:51:13.500,2021-03-16 11:51:13,0.02,0.0020200002,0.0020098060583333337,0.019890601608556092
2021-03-16 11:51:14.000,2021-03-16 11:51:14,0.02,0.0020200002,0.00200980605,0.019890601526082952
2021-03-16 11:51:14.500,2021-03-16 11:51:14,0.02,0.0020200002,0.002009806041666667,0.019890601443609816
2021-03-16 11:51:15.000,2021-03-16 11:51:15,0.02,0.0020200002,0.0020098060333333333,0.019890601361136677
2021-03-16 11:51:15.500,2021-03-16 11:51:15,0.02,0.0020200002,0.002009806025,0.019890601278663537
2021-03-16 11:51:16.000,2021-03-16 11:51:16,0.02,0.0020200002,0.002009806016666667,0.0198906011961904
2021-03-16 11:51:16.500,2021-03-16 11:51:16,0.02,0.0020200002,0.0020098060083333334,0.019890601113717262
2021-03-16 11:51:17.000,2021-03-16 11:51:17,0.02,0.0020200002,0.0020098060000000003,0.019890601031244126
2021-03-16 11:51:17.500,2021-03-16 11:51:17,0.02,0.0020200002,0.0020098059916666667,0.019890600948770983
2021-03-16 11:51:18.000,2021-03-16 11:51:18,0.02,0.0020200002,0.0020098059833333335,0.019890600866297847
2021-03-16 11:51:18.500,2021-03-16 11:51:18,0.02,0.0020200002,0.0020098059750000004,0.01989060078382471
2021-03-16 11:51:19.000,2021-03-16 11:51:19,0.02,0.0020200002,0.0020098059666666668,0.01989060070135157
2021-03-16 11:51:19.500,2021-03-16 11:51:19,0.02,0.0020200002,0.0020098059583333336,0.019890600618878432
2021-03-16 11:51:20.000,2021-03-16 11:51:20,0.02,0.0020200002,0.00200980595,0.01989060053640529
2021-03-16 11:51:20.500,2021-03-16 11:51:20,0.02,0.0020200002,0.002009805941666667,0.019890600453932154
2021-03-16 11:51:21.000,2021-03-16 11:51:21,0.02,0.0020200002,0.0020098059333333333,0.019890600371459014
2021-03-16 11:51:21.500,2021-03-16 11:51:21,0.02,0.0020200002,0.002009805925,0.019890600288985875
2021-03-16 11:51:22.000,2021-03-16 11:51:22,0.02,0.0020200002,0.002009805916666667,0.01989060020651274
2021-03-16 11:51:22.500,2021-03-16 11:51:22,0.02,0.0020200002,0.0020098059083333334,0.0198906001240396
2021-03-16 11:51:23.000,2021-03-16 11:51:23,0.02,0.0020200002,0.0020098059000000002,0.019890600041566463
2021-03-16 11:51:23.500,2021-03-16 11:51:23,0.02,0.0020200002,0.0020098058916666666,0.01989059995909332
2021-03-16 11:51:24.000,2021-03-16 11:51:24,0.02,0.0020200002,0.0020098058833333335,0.019890599876620185
2021-03-16 11:51:24.500,2021-03-16 11:51:24,0.02,0.0020200002,0.0020098058750000003,0.01989059979414705
2021-03-16 11:51:25.000,2021-03-16 11:51:25,0.02,0.0020200002,0.0020098058666666667,0.019890599711673906
2021-03-16 11:51:25.500,2021-03-16 11:51:25,0.02,0.0020200002,0.0020098058583333336,0.01989059962920077
2021-03-16 11:51:26.000,2021-03-16 11:51:26,0.02,0.0020200002,0.00200980585,0.019890599546727627
2021-03-16 11:51:26.500,2021-03-16 11:51:26,0.02,0.0020200002,0.002009805841666667,0.01989059946425449
2021-03-16 11:51:27.000,2021-03-16 11:51:27,0.02,0.0020200002,0.0020098058333333337,0.019890599381781355
2021-03-16 11:51:27.500,2021-03-16 11:51:27,0.02,0.0020200002,0.002009805825,0.019890599299308212
2021-03-16 11:51:28.000,2021-03-16 11:51:28,0.02,0.0020200002,0.002009805816666667,0.019890599216835076
2021-03-16 11:51:28.500,2021-03-16 11:51:28,0.02,0.0020200002,0.0020098058083333334,0.019890599134361937
2021-03-16 11:51:29.000,2021-03-16 11:51:29,0.02,0.0020200002,0.0020098058,0.0198905990518888
2021-03-16 11:51:29.500,2021-03-16 11:51:29,0.02,0.0020200002,0.002009805791666667,0.01989059896941566
2021-03-16 11:51:30.000,2021-03-16 11:51:30,0.02,0.0020200002,0.0020098057833333335,0.019890598886942522
2021-03-16 11:51:30.500,2021-03-16 11:51:30,0.02,0.0020200002,0.0020098057750000003,0.019890598804469386
2021-03-16 11:51:31.000,2021-03-16 11:51:31,0.02,0.0020200002,0.0020098057666666667,0.019890598721996246
2021-03-16 11:51:31.500,2021-03-16 11:51:31,0.02,0.0020200002,0.0020098057583333336,0.019890598639523107
2021-03-16 11:51:32.000,2021-03-16 11:51:32,0.02,0.0020200002,0.00200980575,0.019890598557049964
2021-03-16 11:51:32.500,2021-03-16 11:51:32,0.02,0.0020200002,0.002009805741666667,0.01989059847457683
2021-03-16 11:51:33.000,2021-03-16 11:51:33,0.02,0.0020200002,0.0020098057333333337,0.019890598392103692
2021-03-16 11:51:33.500,2021-03-16 11:51:33,0.02,0.0020200002,0.002009805725,0.01989059830963055
2021-03-16 11:51:34.000,2021-03-16 11:51:34,0.02,0.0020200002,0.002009805716666667,0.019890598227157417
2021-03-16 11:51:34.500,2021-03-16 11:51:34,0.02,0.0020200002,0.0020098057083333333,0.019890598144684274
2021-03-16 11:51:35.000,2021-03-16 11:51:35,0.02,0.0020200002,0.0020098057,0.019890598062211138
2021-03-16 11:51:35.500,2021-03-16 11:51:35,0.02,0.0020200002,0.002009805691666667,0.019890597979738
2021-03-16 11:51:36.000,2021-03-16 11:51:36,0.02,0.0020200002,0.0020098056833333334,0.01989059789726486
2021-03-16 11:51:36.500,2021-03-16 11:51:36,0.02,0.0020200002,0.0020098056750000003,0.019890597814791723
2021-03-16 11:51:37.000,2021-03-16 11:51:37,0.02,0.0020200002,0.0020098056666666667,0.019890597732318584
2021-03-16 11:51:37.500,2021-03-16 11:51:37,0.02,0.0020200002,0.0020098056583333335,0.019890597649845444
2021-03-16 11:51:38.000,2021-03-16 11:51:38,0.02,0.0020200002,0.0020098056500000004,0.01989059756737231
2021-03-16 11:51:38.500,2021-03-16 11:51:38,0.02,0.0020200002,0.0020098056416666668,0.01989059748489917
2021-03-16 11:51:39.000,2021-03-16 11:51:39,0.02,0.0020200002,0.0020098056333333336,0.01989059740242603
2021-03-16 11:51:39.500,2021-03-16 11:51:39,0.02,0.0020200002,0.002009805625,0.019890597319952887
2021-03-16 11:51:40.000,2021-03-16 11:51:40,0.02,0.0020200002,0.002009805616666667,0.019890597237479754
2021-03-16 11:51:40.500,2021-03-16 11:51:40,0.02,0.0020200002,0.0020098056083333333,0.01989059715500661
2021-03-16 11:51:41.000,2021-03-16 11:51:41,0.02,0.0020200002,0.0020098056,0.019890597072533475
2021-03-16 11:51:41.500,2021-03-16 11:51:41,0.02,0.0020200002,0.002009805591666667,0.01989059699006034
2021-03-16 11:51:42.000,2021-03-16 11:51:42,0.02,0.0020200002,0.0020098055833333334,0.019890596907587196
2021-03-16 11:51:42.500,2021-03-16 11:51:42,0.02,0.0020200002,0.0020098055750000002,0.01989059682511406
2021-03-16 11:51:43.000,2021-03-16 11:51:43,0.02,0.0020200002,0.0020098055666666666,0.01989059674264092
2021-03-16 11:51:43.500,2021-03-16 11:51:43,0.02,0.0020200002,0.0020098055583333335,0.01989059666016778
2021-03-16 11:51:44.000,2021-03-16 11:51:44,0.02,0.0020200002,0.0020098055500000003,0.019890596577694646
2021-03-16 11:51:44.500,2021-03-16 11:51:44,0.02,0.0020200002,0.0020098055416666667,0.019890596495221506
2021-03-16 11:51:45.000,2021-03-16 11:51:45,0.02,0.0020200002,0.0020098055333333336,0.019890596412748367
2021-03-16 11:51:45.500,2021-03-16 11:51:45,0.02,0.0020200002,0.002009805525,0.019890596330275227
2021-03-16 11:51:46.000,2021-03-16 11:51:46,0.02,0.0020200002,0.002009805516666667,0.01989059624780209
2021-03-16 11:51:46.500,2021-03-16 11:51:46,0.02,0.0020200002,0.0020098055083333337,0.019890596165328955
2021-03-16 11:51:47.000,2021-03-16 11:51:47,0.02,0.0020200002,0.0020098055,0.019890596082855812
2021-03-16 11:51:47.500,2021-03-16 11:51:47,0.02,0.0020200002,0.002009805491666667,0.019890596000382677
2021-03-16 11:51:48.000,2021-03-16 11:51:48,0.02,0.0020200002,0.0020098054833333334,0.019890595917909534
2021-03-16 11:51:48.500,2021-03-16 11:51:48,0.02,0.0020200002,0.002009805475,0.019890595835436398
2021-03-16 11:51:49.000,2021-03-16 11:51:49,0.02,0.0020200002,0.002009805466666667,0.01989059575296326
2021-03-16 11:51:49.500,2021-03-16 11:51:49,0.02,0.0020200002,0.0020098054583333335,0.01989059567049012
2021-03-16 11:51:50.000,2021-03-16 11:51:50,0.02,0.0020200002,0.0020098054500000003,0.019890595588016983
2021-03-16 11:51:50.500,2021-03-16 11:51:50,0.02,0.0020200002,0.0020098054416666667,0.019890595505543843
2021-03-16 11:51:51.000,2021-03-16 11:51:51,0.02,0.0020200002,0.0020098054333333336,0.019890595423070704
2021-03-16 11:51:51.500,2021-03-16 11:51:51,0.02,0.0020200002,0.002009805425,0.019890595340597565
2021-03-16 11:51:52.000,2021-03-16 11:51:52,0.02,0.0020200002,0.002009805416666667,0.01989059525812443
2021-03-16 11:51:52.500,2021-03-16 11:51:52,0.02,0.0020200002,0.0020098054083333337,0.019890595175651293
2021-03-16 11:51:53.000,2021-03-16 11:51:53,0.02,0.0020200002,0.0020098054,0.019890595093178153
2021-03-16 11:51:53.500,2021-03-16 11:51:53,0.02,0.0020200002,0.002009805391666667,0.019890595010705014
2021-03-16 11:51:54.000,2021-03-16 11:51:54,0.02,0.0020200002,0.0020098053833333333,0.01989059492823187
2021-03-16 11:51:54.500,2021-03-16 11:51:54,0.02,0.0020200002,0.002009805375,0.01989059484575874
2021-03-16 11:51:55.000,2021-03-16 11:51:55,0.02,0.0020200002,0.002009805366666667,0.0198905947632856
2021-03-16 11:51:55.500,2021-03-16 11:51:55,0.02,0.0020200002,0.0020098053583333334,0.019890594680812456
2021-03-16 11:51:56.000,2021-03-16 11:51:56,0.02,0.0020200002,0.0020098053500000003,0.019890594598339324
2021-03-16 11:51:56.500,2021-03-16 11:51:56,0.02,0.0020200002,0.0020098053416666667,0.01989059451586618
2021-03-16 11:51:57.000,2021-03-16 11:51:57,0.02,0.0020200002,0.0020098053333333335,0.01989059443339304
2021-03-16 11:51:57.500,2021-03-16 11:51:57,0.02,0.0020200002,0.0020098053250000004,0.019890594350919905
2021-03-16 11:51:58.000,2021-03-16 11:51:58,0.02,0.0020200002,0.0020098053166666668,0.019890594268446766
2021-03-16 11:51:58.500,2021-03-16 11:51:58,0.02,0.0020200002,0.0020098053083333336,0.01989059418597363
2021-03-16 11:51:59.000,2021-03-16 11:51:59,0.02,0.0020200002,0.0020098053,0.01989059410350049
2021-03-16 11:51:59.500,2021-03-16 11:51:59,0.02,0.0020200002,0.0020098052991666666,0.01989059409525317
2021-03-16 11:52:00.000,2021-03-16 11:52:00,0.02,0.0020200002,0.0020098052983333337,0.019890594087005865
2021-03-16 11:52:00.500,2021-03-16 11:52:00,0.02,0.0020200002,0.0020098052975000003,0.01989059407875855
2021-03-16 11:52:01.000,2021-03-16 11:52:01,0.02,0.0020200002,0.002009805296666667,0.019890594070511233
2021-03-16 11:52:01.500,2021-03-16 11:52:01,0.02,0.0020200002,0.0020098052958333334,0.01989059406226392
2021-03-16 11:52:02.000,2021-03-16 11:52:02,0.02,0.0020200002,0.002009805295,0.019890594054016605
2021-03-16 11:52:02.500,2021-03-16 11:52:02,0.02,0.0020200002,0.0020098052941666666,0.01989059404576929
2021-03-16 11:52:03.000,2021-03-16 11:52:03,0.02,0.0020200002,0.0020098052933333337,0.019890594037521983
2021-03-16 11:52:03.500,2021-03-16 11:52:03,0.02,0.0020200002,0.0020098052925000003,0.019890594029274664
2021-03-16 11:52:04.000,2021-03-16 11:52:04,0.02,0.0020200002,0.002009805291666667,0.01989059402102735
2021-03-16 11:52:04.500,2021-03-16 11:52:04,0.02,0.0020200002,0.0020098052908333335,0.01989059401278004
2021-03-16 11:52:05.000,2021-03-16 11:52:05,0.02,0.0020200002,0.00200980529,0.019890594004532722
2021-03-16 11:52:05.500,2021-03-16 11:52:05,0.02,0.0020200002,0.0020098052891666667,0.019890593996285406
2021-03-16 11:52:06.000,2021-03-16 11:52:06,0.02,0.0020200002,0.0020098052883333337,0.019890593988038097
2021-03-16 11:52:06.500,2021-03-16 11:52:06,0.02,0.0020200002,0.0020098052875000003,0.01989059397979078
2021-03-16 11:52:07.000,2021-03-16 11:52:07,0.02,0.0020200002,0.002009805286666667,0.01989059397154347
2021-03-16 11:52:07.500,2021-03-16 11:52:07,0.02,0.0020200002,0.0020098052858333335,0.019890593963296153
2021-03-16 11:52:08.000,2021-03-16 11:52:08,0.02,0.0020200002,0.002009805285,0.01989059395504884
2021-03-16 11:52:08.500,2021-03-16 11:52:08,0.02,0.0020200002,0.0020098052841666667,0.019890593946801524
2021-03-16 11:52:09.000,2021-03-16 11:52:09,0.02,0.0020200002,0.0020098052833333333,0.01989059393855421
2021-03-16 11:52:09.500,2021-03-16 11:52:09,0.02,0.0020200002,0.0020098052825000003,0.0198905939303069
2021-03-16 11:52:10.000,2021-03-16 11:52:10,0.02,0.0020200002,0.002009805281666667,0.019890593922059586
2021-03-16 11:52:10.500,2021-03-16 11:52:10,0.02,0.0020200002,0.0020098052808333335,0.01989059391381227
2021-03-16 11:52:11.000,2021-03-16 11:52:11,0.02,0.0020200002,0.00200980528,0.019890593905564958
2021-03-16 11:52:11.500,2021-03-16 11:52:11,0.02,0.0020200002,0.0020098052791666667,0.019890593897317642
2021-03-16 11:52:12.000,2021-03-16 11:52:12,0.02,0.0020200002,0.0020098052783333333,0.019890593889070326
2021-03-16 11:52:12.500,2021-03-16 11:52:12,0.02,0.0020200002,0.0020098052775000003,0.019890593880823017
2021-03-16 11:52:13.000,2021-03-16 11:52:13,0.02,0.0020200002,0.002009805276666667,0.0198905938725757
2021-03-16 11:52:13.500,2021-03-16 11:52:13,0.02,0.0020200002,0.0020098052758333335,0.019890593864328388
2021-03-16 11:52:14.000,2021-03-16 11:52:14,0.02,0.0020200002,0.002009805275,0.019890593856081076
2021-03-16 11:52:14.500,2021-03-16 11:52:14,0.02,0.0020200002,0.0020098052741666667,0.019890593847833756
2021-03-16 11:52:15.000,2021-03-16 11:52:15,0.02,0.0020200002,0.0020098052733333333,0.019890593839586444
2021-03-16 11:52:15.500,2021-03-16 11:52:15,0.02,0.0020200002,0.0020098052725000004,0.019890593831339135
2021-03-16 11:52:16.000,2021-03-16 11:52:16,0.02,0.0020200002,0.002009805271666667,0.01989059382309182
2021-03-16 11:52:16.500,2021-03-16 11:52:16,0.02,0.0020200002,0.0020098052708333335,0.019890593814844506
2021-03-16 11:52:17.000,2021-03-16 11:52:17,0.02,0.0020200002,0.00200980527,0.01989059380659719
2021-03-16 11:52:17.500,2021-03-16 11:52:17,0.02,0.0020200002,0.0020098052691666667,0.019890593798349874
2021-03-16 11:52:18.000,2021-03-16 11:52:18,0.02,0.0020200002,0.0020098052683333333,0.01989059379010256
2021-03-16 11:52:18.500,2021-03-16 11:52:18,0.02,0.0020200002,0.0020098052675000004,0.01989059378185525
2021-03-16 11:52:19.000,2021-03-16 11:52:19,0.02,0.0020200002,0.002009805266666667,0.019890593773607936
2021-03-16 11:52:19.500,2021-03-16 11:52:19,0.02,0.0020200002,0.0020098052658333336,0.019890593765360624
2021-03-16 11:52:20.000,2021-03-16 11:52:20,0.02,0.0020200002,0.002009805265,0.019890593757113308
2021-03-16 11:52:20.500,2021-03-16 11:52:20,0.02,0.0020200002,0.0020098052641666668,0.01989059374886599
2021-03-16 11:52:21.000,2021-03-16 11:52:21,0.02,0.0020200002,0.0020098052633333334,0.01989059374061868
2021-03-16 11:52:21.500,2021-03-16 11:52:21,0.02,0.0020200002,0.0020098052625,0.019890593732371363
2021-03-16 11:52:22.000,2021-03-16 11:52:22,0.02,0.0020200002,0.002009805261666667,0.019890593724124054
2021-03-16 11:52:22.500,2021-03-16 11:52:22,0.02,0.0020200002,0.0020098052608333336,0.019890593715876738
2021-03-16 11:52:23.000,2021-03-16 11:52:23,0.02,0.0020200002,0.00200980526,0.019890593707629425
2021-03-16 11:52:23.500,2021-03-16 11:52:23,0.02,0.0020200002,0.002009805259166667,0.01989059369938211
2021-03-16 11:52:24.000,2021-03-16 11:52:24,0.02,0.0020200002,0.0020098052583333334,0.019890593691134797
2021-03-16 11:52:24.500,2021-03-16 11:52:24,0.02,0.0020200002,0.0020098052575,0.01989059368288748
2021-03-16 11:52:25.000,2021-03-16 11:52:25,0.02,0.0020200002,0.002009805256666667,0.01989059367464017
2021-03-16 11:52:25.500,2021-03-16 11:52:25,0.02,0.0020200002,0.0020098052558333336,0.019890593666392856
2021-03-16 11:52:26.000,2021-03-16 11:52:26,0.02,0.0020200002,0.002009805255,0.019890593658145543
2021-03-16 11:52:26.500,2021-03-16 11:52:26,0.02,0.0020200002,0.002009805254166667,0.019890593649898227
2021-03-16 11:52:27.000,2021-03-16 11:52:27,0.02,0.0020200002,0.0020098052533333334,0.01989059364165091
2021-03-16 11:52:27.500,2021-03-16 11:52:27,0.02,0.0020200002,0.0020098052525,0.0198905936334036
2021-03-16 11:52:28.000,2021-03-16 11:52:28,0.02,0.0020200002,0.002009805251666667,0.019890593625156286
2021-03-16 11:52:28.500,2021-03-16 11:52:28,0.02,0.0020200002,0.0020098052508333336,0.019890593616908973
2021-03-16 11:52:29.000,2021-03-16 11:52:29,0.02,0.0020200002,0.0020098052500000002,0.01989059360866166
2021-03-16 11:52:29.500,2021-03-16 11:52:29,0.02,0.0020200002,0.002009805249166667,0.019890593600414345
2021-03-16 11:52:30.000,2021-03-16 11:52:30,0.02,0.0020200002,0.0020098052483333334,0.01989059359216703
2021-03-16 11:52:30.500,2021-03-16 11:52:30,0.02,0.0020200002,0.0020098052475,0.019890593583919716
2021-03-16 11:52:31.000,2021-03-16 11:52:31,0.02,0.0020200002,0.0020098052466666666,0.0198905935756724
2021-03-16 11:52:31.500,2021-03-16 11:52:31,0.02,0.0020200002,0.0020098052458333336,0.01989059356742509
2021-03-16 11:52:32.000,2021-03-16 11:52:32,0.02,0.0020200002,0.0020098052450000002,0.019890593559177775
2021-03-16 11:52:32.500,2021-03-16 11:52:32,0.02,0.0020200002,0.002009805244166667,0.019890593550930463
2021-03-16 11:52:33.000,2021-03-16 11:52:33,0.02,0.0020200002,0.0020098052433333334,0.019890593542683146
2021-03-16 11:52:33.500,2021-03-16 11:52:33,0.02,0.0020200002,0.0020098052425,0.019890593534435834
2021-03-16 11:52:34.000,2021-03-16 11:52:34,0.02,0.0020200002,0.0020098052416666666,0.019890593526188518
2021-03-16 11:52:34.500,2021-03-16 11:52:34,0.02,0.0020200002,0.0020098052408333337,0.01989059351794121
2021-03-16 11:52:35.000,2021-03-16 11:52:35,0.02,0.0020200002,0.0020098052400000003,0.019890593509693893
2021-03-16 11:52:35.500,2021-03-16 11:52:35,0.02,0.0020200002,0.002009805239166667,0.01989059350144658
2021-03-16 11:52:36.000,2021-03-16 11:52:36,0.02,0.0020200002,0.0020098052383333335,0.019890593493199264
2021-03-16 11:52:36.500,2021-03-16 11:52:36,0.02,0.0020200002,0.0020098052375,0.019890593484951948
2021-03-16 11:52:37.000,2021-03-16 11:52:37,0.02,0.0020200002,0.0020098052366666667,0.019890593476704636
2021-03-16 11:52:37.500,2021-03-16 11:52:37,0.02,0.0020200002,0.0020098052358333337,0.019890593468457323
2021-03-16 11:52:38.000,2021-03-16 11:52:38,0.02,0.0020200002,0.0020098052350000003,0.01989059346021001
2021-03-16 11:52:38.500,2021-03-16 11:52:38,0.02,0.0020200002,0.002009805234166667,0.019890593451962698
2021-03-16 11:52:39.000,2021-03-16 11:52:39,0.02,0.0020200002,0.0020098052333333335,0.01989059344371538
2021-03-16 11:52:39.500,2021-03-16 11:52:39,0.02,0.0020200002,0.0020098052325,0.019890593435468066
2021-03-16 11:52:40.000,2021-03-16 11:52:40,0.02,0.0020200002,0.0020098052316666667,0.019890593427220753
2021-03-16 11:52:40.500,2021-03-16 11:52:40,0.02,0.0020200002,0.0020098052308333337,0.01989059341897344
2021-03-16 11:52:41.000,2021-03-16 11:52:41,0.02,0.0020200002,0.0020098052300000003,0.01989059341072613
2021-03-16 11:52:41.500,2021-03-16 11:52:41,0.02,0.0020200002,0.002009805229166667,0.019890593402478812
2021-03-16 11:52:42.000,2021-03-16 11:52:42,0.02,0.0020200002,0.0020098052283333335,0.019890593394231496
2021-03-16 11:52:42.500,2021-03-16 11:52:42,0.02,0.0020200002,0.0020098052275,0.019890593385984184
2021-03-16 11:52:43.000,2021-03-16 11:52:43,0.02,0.0020200002,0.0020098052266666667,0.01989059337773687
2021-03-16 11:52:43.500,2021-03-16 11:52:43,0.02,0.0020200002,0.0020098052258333333,0.019890593369489555
2021-03-16 11:52:44.000,2021-03-16 11:52:44,0.02,0.0020200002,0.0020098052250000003,0.019890593361242246
2021-03-16 11:52:44.500,2021-03-16 11:52:44,0.02,0.0020200002,0.002009805224166667,0.01989059335299493
2021-03-16 11:52:45.000,2021-03-16 11:52:45,0.02,0.0020200002,0.0020098052233333335,0.019890593344747614
2021-03-16 11:52:45.500,2021-03-16 11:52:45,0.02,0.0020200002,0.0020098052225,0.0198905933365003
2021-03-16 11:52:46.000,2021-03-16 11:52:46,0.02,0.0020200002,0.0020098052216666667,0.019890593328252985
2021-03-16 11:52:46.500,2021-03-16 11:52:46,0.02,0.0020200002,0.0020098052208333333,0.019890593320005673
2021-03-16 11:52:47.000,2021-03-16 11:52:47,0.02,0.0020200002,0.0020098052200000003,0.01989059331175836
2021-03-16 11:52:47.500,2021-03-16 11:52:47,0.02,0.0020200002,0.002009805219166667,0.019890593303511048
2021-03-16 11:52:48.000,2021-03-16 11:52:48,0.02,0.0020200002,0.0020098052183333335,0.01989059329526373
2021-03-16 11:52:48.500,2021-03-16 11:52:48,0.02,0.0020200002,0.0020098052175,0.01989059328701642
2021-03-16 11:52:49.000,2021-03-16 11:52:49,0.02,0.0020200002,0.0020098052166666667,0.019890593278769103
2021-03-16 11:52:49.500,2021-03-16 11:52:49,0.02,0.0020200002,0.0020098052158333333,0.01989059327052179
2021-03-16 11:52:50.000,2021-03-16 11:52:50,0.02,0.0020200002,0.0020098052150000004,0.019890593262274478
2021-03-16 11:52:50.500,2021-03-16 11:52:50,0.02,0.0020200002,0.002009805214166667,0.019890593254027165
2021-03-16 11:52:51.000,2021-03-16 11:52:51,0.02,0.0020200002,0.0020098052133333336,0.01989059324577985
2021-03-16 11:52:51.500,2021-03-16 11:52:51,0.02,0.0020200002,0.0020098052125,0.019890593237532533
2021-03-16 11:52:52.000,2021-03-16 11:52:52,0.02,0.0020200002,0.0020098052116666668,0.01989059322928522
2021-03-16 11:52:52.500,2021-03-16 11:52:52,0.02,0.0020200002,0.0020098052108333334,0.01989059322103791
2021-03-16 11:52:53.000,2021-03-16 11:52:53,0.02,0.0020200002,0.00200980521,0.01989059321279059
2021-03-16 11:52:53.500,2021-03-16 11:52:53,0.02,0.0020200002,0.002009805209166667,0.019890593204543283
2021-03-16 11:52:54.000,2021-03-16 11:52:54,0.02,0.0020200002,0.0020098052083333336,0.019890593196295967
2021-03-16 11:52:54.500,2021-03-16 11:52:54,0.02,0.0020200002,0.0020098052075,0.01989059318804865
2021-03-16 11:52:55.000,2021-03-16 11:52:55,0.02,0.0020200002,0.0020098052066666668,0.01989059317980134
2021-03-16 11:52:55.500,2021-03-16 11:52:55,0.02,0.0020200002,0.0020098052058333334,0.019890593171554023
2021-03-16 11:52:56.000,2021-03-16 11:52:56,0.02,0.0020200002,0.002009805205,0.01989059316330671
2021-03-16 11:52:56.500,2021-03-16 11:52:56,0.02,0.0020200002,0.002009805204166667,0.019890593155059397
2021-03-16 11:52:57.000,2021-03-16 11:52:57,0.02,0.0020200002,0.0020098052033333336,0.019890593146812085
2021-03-16 11:52:57.500,2021-03-16 11:52:57,0.02,0.0020200002,0.0020098052025,0.01989059313856477
2021-03-16 11:52:58.000,2021-03-16 11:52:58,0.02,0.0020200002,0.002009805201666667,0.019890593130317456
2021-03-16 11:52:58.500,2021-03-16 11:52:58,0.02,0.0020200002,0.0020098052008333334,0.01989059312207014
2021-03-16 11:52:59.000,2021-03-16 11:52:59,0.02,0.0020200002,0.0020098052,0.019890593113822828
2021-03-16 11:52:59.500,2021-03-16 11:52:59,0.02,0.0020200002,0.0020098052300000003,0.01989059341072613
2021-03-16 11:53:00.000,2021-03-16 11:53:00,0.02,0.0020200002,0.00200980526,0.019890593707629425
2021-03-16 11:53:00.500,2021-03-16 11:53:00,0.02,0.0020200002,0.00200980529,0.019890594004532722
2021-03-16 11:53:01.000,2021-03-16 11:53:01,0.02,0.0020200002,0.00200980532,0.01989059430143602
2021-03-16 11:53:01.500,2021-03-16 11:53:01,0.02,0.0020200002,0.0020098053500000003,0.019890594598339324
2021-03-16 11:53:02.000,2021-03-16 11:53:02,0.02,0.0020200002,0.00200980538,0.01989059489524262
2021-03-16 11:53:02.500,2021-03-16 11:53:02,0.02,0.0020200002,0.00200980541,0.019890595192145914
2021-03-16 11:53:03.000,2021-03-16 11:53:03,0.02,0.0020200002,0.0020098054400000003,0.01989059548904922
2021-03-16 11:53:03.500,2021-03-16 11:53:03,0.02,0.0020200002,0.00200980547,0.019890595785952515
2021-03-16 11:53:04.000,2021-03-16 11:53:04,0.02,0.0020200002,0.0020098055,0.019890596082855812
2021-03-16 11:53:04.500,2021-03-16 11:53:04,0.02,0.0020200002,0.00200980553,0.01989059637975911
2021-03-16 11:53:05.000,2021-03-16 11:53:05,0.02,0.0020200002,0.0020098055600000003,0.019890596676662414
2021-03-16 11:53:05.500,2021-03-16 11:53:05,0.02,0.0020200002,0.00200980559,0.01989059697356571
2021-03-16 11:53:06.000,2021-03-16 11:53:06,0.02,0.0020200002,0.00200980562,0.019890597270469004
2021-03-16 11:53:06.500,2021-03-16 11:53:06,0.02,0.0020200002,0.0020098056500000004,0.01989059756737231
2021-03-16 11:53:07.000,2021-03-16 11:53:07,0.02,0.0020200002,0.0020098056800000002,0.019890597864275605
2021-03-16 11:53:07.500,2021-03-16 11:53:07,0.02,0.0020200002,0.00200980571,0.019890598161178906
2021-03-16 11:53:08.000,2021-03-16 11:53:08,0.02,0.0020200002,0.00200980574,0.0198905984580822
2021-03-16 11:53:08.500,2021-03-16 11:53:08,0.02,0.0020200002,0.0020098057700000003,0.019890598754985504
2021-03-16 11:53:09.000,2021-03-16 11:53:09,0.02,0.0020200002,0.0020098058,0.0198905990518888
2021-03-16 11:53:09.500,2021-03-16 11:53:09,0.02,0.0020200002,0.00200980583,0.019890599348792094
2021-03-16 11:53:10.000,2021-03-16 11:53:10,0.02,0.0020200002,0.00200980586,0.019890599645695395
2021-03-16 11:53:10.500,2021-03-16 11:53:10,0.02,0.0020200002,0.0020098058900000003,0.0198905999425987
2021-03-16 11:53:11.000,2021-03-16 11:53:11,0.02,0.0020200002,0.00200980592,0.019890600239501992
2021-03-16 11:53:11.500,2021-03-16 11:53:11,0.02,0.0020200002,0.00200980595,0.01989060053640529
2021-03-16 11:53:12.000,2021-03-16 11:53:12,0.02,0.0020200002,0.0020098059800000003,0.019890600833308594
2021-03-16 11:53:12.500,2021-03-16 11:53:12,0.02,0.0020200002,0.0020098060100000002,0.01989060113021189
2021-03-16 11:53:13.000,2021-03-16 11:53:13,0.02,0.0020200002,0.00200980604,0.019890601427115188
2021-03-16 11:53:13.500,2021-03-16 11:53:13,0.02,0.0020200002,0.00200980607,0.019890601724018485
2021-03-16 11:53:14.000,2021-03-16 11:53:14,0.02,0.0020200002,0.0020098061000000003,0.01989060202092179
2021-03-16 11:53:14.500,2021-03-16 11:53:14,0.02,0.0020200002,0.00200980613,0.019890602317825083
2021-03-16 11:53:15.000,2021-03-16 11:53:15,0.02,0.0020200002,0.00200980616,0.01989060261472838
2021-03-16 11:53:15.500,2021-03-16 11:53:15,0.02,0.0020200002,0.0020098061900000004,0.019890602911631684
2021-03-16 11:53:16.000,2021-03-16 11:53:16,0.02,0.0020200002,0.0020098062200000003,0.01989060320853498
2021-03-16 11:53:16.500,2021-03-16 11:53:16,0.02,0.0020200002,0.00200980625,0.019890603505438278
2021-03-16 11:53:17.000,2021-03-16 11:53:17,0.02,0.0020200002,0.00200980628,0.019890603802341575
2021-03-16 11:53:17.500,2021-03-16 11:53:17,0.02,0.0020200002,0.0020098063100000003,0.01989060409924488
2021-03-16 11:53:18.000,2021-03-16 11:53:18,0.02,0.0020200002,0.00200980634,0.019890604396148173
2021-03-16 11:53:18.500,2021-03-16 11:53:18,0.02,0.0020200002,0.00200980637,0.01989060469305147
2021-03-16 11:53:19.000,2021-03-16 11:53:19,0.02,0.0020200002,0.0020098064,0.01989060498995477
2021-03-16 11:53:19.500,2021-03-16 11:53:19,0.02,0.0020200002,0.0020098064300000003,0.01989060528685807
2021-03-16 11:53:20.000,2021-03-16 11:53:20,0.02,0.0020200002,0.00200980646,0.019890605583761368
2021-03-16 11:53:20.500,2021-03-16 11:53:20,0.02,0.0020200002,0.00200980649,0.019890605880664665
2021-03-16 11:53:21.000,2021-03-16 11:53:21,0.02,0.0020200002,0.0020098065200000004,0.01989060617756797
2021-03-16 11:53:21.500,2021-03-16 11:53:21,0.02,0.0020200002,0.0020098065500000002,0.019890606474471263
2021-03-16 11:53:22.000,2021-03-16 11:53:22,0.02,0.0020200002,0.00200980658,0.019890606771374563
2021-03-16 11:53:22.500,2021-03-16 11:53:22,0.02,0.0020200002,0.00200980661,0.01989060706827786
2021-03-16 11:53:23.000,2021-03-16 11:53:23,0.02,0.0020200002,0.0020098066400000003,0.01989060736518116
2021-03-16 11:53:23.500,2021-03-16 11:53:23,0.02,0.0020200002,0.00200980667,0.019890607662084458
2021-03-16 11:53:24.000,2021-03-16 11:53:24,0.02,0.0020200002,0.0020098067,0.019890607958987755
2021-03-16 11:53:24.500,2021-03-16 11:53:24,0.02,0.0020200002,0.00200980673,0.019890608255891052
2021-03-16 11:53:25.000,2021-03-16 11:53:25,0.02,0.0020200002,0.0020098067600000003,0.019890608552794356
2021-03-16 11:53:25.500,2021-03-16 11:53:25,0.02,0.0020200002,0.00200980679,0.019890608849697653
2021-03-16 11:53:26.000,2021-03-16 11:53:26,0.02,0.0020200002,0.00200980682,0.01989060914660095
2021-03-16 11:53:26.500,2021-03-16 11:53:26,0.02,0.0020200002,0.0020098068500000003,0.01989060944350425
2021-03-16 11:53:27.000,2021-03-16 11:53:27,0.02,0.0020200002,0.0020098068800000002,0.019890609740407548
2021-03-16 11:53:27.500,2021-03-16 11:53:27,0.02,0.0020200002,0.00200980691,0.019890610037310845
2021-03-16 11:53:28.000,2021-03-16 11:53:28,0.02,0.0020200002,0.00200980694,0.019890610334214145
2021-03-16 11:53:28.500,2021-03-16 11:53:28,0.02,0.0020200002,0.0020098069700000003,0.019890610631117446
2021-03-16 11:53:29.000,2021-03-16 11:53:29,0.02,0.0020200002,0.002009807,0.019890610928020743
2021-03-16 11:53:29.500,2021-03-16 11:53:29,0.02,0.0020200002,0.00200980703,0.01989061122492404
2021-03-16 11:53:30.000,2021-03-16 11:53:30,0.02,0.0020200002,0.0020098070600000004,0.01989061152182734
2021-03-16 11:53:30.500,2021-03-16 11:53:30,0.02,0.0020200002,0.0020098070900000002,0.019890611818730638
2021-03-16 11:53:31.000,2021-03-16 11:53:31,0.02,0.0020200002,0.00200980712,0.01989061211563394
2021-03-16 11:53:31.500,2021-03-16 11:53:31,0.02,0.0020200002,0.00200980715,0.019890612412537235
2021-03-16 11:53:32.000,2021-03-16 11:53:32,0.02,0.0020200002,0.0020098071800000003,0.019890612709440536
2021-03-16 11:53:32.500,2021-03-16 11:53:32,0.02,0.0020200002,0.00200980721,0.019890613006343833
2021-03-16 11:53:33.000,2021-03-16 11:53:33,0.02,0.0020200002,0.00200980724,0.01989061330324713
2021-03-16 11:53:33.500,2021-03-16 11:53:33,0.02,0.0020200002,0.00200980727,0.019890613600150427
2021-03-16 11:53:34.000,2021-03-16 11:53:34,0.02,0.0020200002,0.0020098073000000003,0.01989061389705373
2021-03-16 11:53:34.500,2021-03-16 11:53:34,0.02,0.0020200002,0.00200980733,0.01989061419395703
2021-03-16 11:53:35.000,2021-03-16 11:53:35,0.02,0.0020200002,0.00200980736,0.019890614490860326
2021-03-16 11:53:35.500,2021-03-16 11:53:35,0.02,0.0020200002,0.0020098073900000003,0.019890614787763626
2021-03-16 11:53:36.000,2021-03-16 11:53:36,0.02,0.0020200002,0.0020098074200000002,0.019890615084666923
2021-03-16 11:53:36.500,2021-03-16 11:53:36,0.02,0.0020200002,0.00200980745,0.01989061538157022
2021-03-16 11:53:37.000,2021-03-16 11:53:37,0.02,0.0020200002,0.00200980748,0.01989061567847352
2021-03-16 11:53:37.500,2021-03-16 11:53:37,0.02,0.0020200002,0.0020098075100000003,0.01989061597537682
2021-03-16 11:53:38.000,2021-03-16 11:53:38,0.02,0.0020200002,0.00200980754,0.01989061627228012
2021-03-16 11:53:38.500,2021-03-16 11:53:38,0.02,0.0020200002,0.00200980757,0.019890616569183416
2021-03-16 11:53:39.000,2021-03-16 11:53:39,0.02,0.0020200002,0.0020098076000000004,0.019890616866086716
2021-03-16 11:53:39.500,2021-03-16 11:53:39,0.02,0.0020200002,0.0020098076300000003,0.019890617162990013
2021-03-16 11:53:40.000,2021-03-16 11:53:40,0.02,0.0020200002,0.00200980766,0.019890617459893314
2021-03-16 11:53:40.500,2021-03-16 11:53:40,0.02,0.0020200002,0.00200980769,0.01989061775679661
2021-03-16 11:53:41.000,2021-03-16 11:53:41,0.02,0.0020200002,0.0020098077200000003,0.01989061805369991
2021-03-16 11:53:41.500,2021-03-16 11:53:41,0.02,0.0020200002,0.00200980775,0.01989061835060321
2021-03-16 11:53:42.000,2021-03-16 11:53:42,0.02,0.0020200002,0.00200980778,0.019890618647506506
2021-03-16 11:53:42.500,2021-03-16 11:53:42,0.02,0.0020200002,0.00200980781,0.019890618944409803
2021-03-16 11:53:43.000,2021-03-16 11:53:43,0.02,0.0020200002,0.0020098078400000003,0.019890619241313107
2021-03-16 11:53:43.500,2021-03-16 11:53:43,0.02,0.0020200002,0.00200980787,0.019890619538216404
2021-03-16 11:53:44.000,2021-03-16 11:53:44,0.02,0.0020200002,0.0020098079,0.0198906198351197
2021-03-16 11:53:44.500,2021-03-16 11:53:44,0.02,0.0020200002,0.0020098079300000004,0.019890620132023
2021-03-16 11:53:45.000,2021-03-16 11:53:45,0.02,0.0020200002,0.0020098079600000002,0.0198906204289263
2021-03-16 11:53:45.500,2021-03-16 11:53:45,0.02,0.0020200002,0.00200980799,0.019890620725829596
2021-03-16 11:53:46.000,2021-03-16 11:53:46,0.02,0.0020200002,0.00200980802,0.019890621022732896
2021-03-16 11:53:46.500,2021-03-16 11:53:46,0.02,0.0020200002,0.0020098080500000003,0.019890621319636197
2021-03-16 11:53:47.000,2021-03-16 11:53:47,0.02,0.0020200002,0.00200980808,0.019890621616539494
2021-03-16 11:53:47.500,2021-03-16 11:53:47,0.02,0.0020200002,0.00200980811,0.01989062191344279
2021-03-16 11:53:48.000,2021-03-16 11:53:48,0.02,0.0020200002,0.00200980814,0.019890622210346088
2021-03-16 11:53:48.500,2021-03-16 11:53:48,0.02,0.0020200002,0.0020098081700000003,0.01989062250724939
2021-03-16 11:53:49.000,2021-03-16 11:53:49,0.02,0.0020200002,0.0020098082,0.01989062280415269
2021-03-16 11:53:49.500,2021-03-16 11:53:49,0.02,0.0020200002,0.00200980823,0.019890623101055986
2021-03-16 11:53:50.000,2021-03-16 11:53:50,0.02,0.0020200002,0.0020098082600000003,0.019890623397959287
2021-03-16 11:53:50.500,2021-03-16 11:53:50,0.02,0.0020200002,0.0020098082900000002,0.019890623694862584
2021-03-16 11:53:51.000,2021-03-16 11:53:51,0.02,0.0020200002,0.00200980832,0.01989062399176588
2021-03-16 11:53:51.500,2021-03-16 11:53:51,0.02,0.0020200002,0.00200980835,0.019890624288669178
2021-03-16 11:53:52.000,2021-03-16 11:53:52,0.02,0.0020200002,0.0020098083800000003,0.019890624585572482
2021-03-16 11:53:52.500,2021-03-16 11:53:52,0.02,0.0020200002,0.00200980841,0.01989062488247578
2021-03-16 11:53:53.000,2021-03-16 11:53:53,0.02,0.0020200002,0.00200980844,0.019890625179379076
2021-03-16 11:53:53.500,2021-03-16 11:53:53,0.02,0.0020200002,0.0020098084700000004,0.019890625476282377
2021-03-16 11:53:54.000,2021-03-16 11:53:54,0.02,0.0020200002,0.0020098085000000003,0.019890625773185674
2021-03-16 11:53:54.500,2021-03-16 11:53:54,0.02,0.0020200002,0.00200980853,0.01989062607008897
2021-03-16 11:53:55.000,2021-03-16 11:53:55,0.02,0.0020200002,0.00200980856,0.019890626366992268
2021-03-16 11:53:55.500,2021-03-16 11:53:55,0.02,0.0020200002,0.0020098085900000003,0.019890626663895572
2021-03-16 11:53:56.000,2021-03-16 11:53:56,0.02,0.0020200002,0.00200980862,0.01989062696079887
2021-03-16 11:53:56.500,2021-03-16 11:53:56,0.02,0.0020200002,0.00200980865,0.019890627257702163
2021-03-16 11:53:57.000,2021-03-16 11:53:57,0.02,0.0020200002,0.00200980868,0.019890627554605463
2021-03-16 11:53:57.500,2021-03-16 11:53:57,0.02,0.0020200002,0.0020098087100000003,0.019890627851508764
2021-03-16 11:53:58.000,2021-03-16 11:53:58,0.02,0.0020200002,0.00200980874,0.019890628148412064
2021-03-16 11:53:58.500,2021-03-16 11:53:58,0.02,0.0020200002,0.00200980877,0.019890628445315358
2021-03-16 11:53:59.000,2021-03-16 11:53:59,0.02,0.0020200002,0.0020098088000000004,0.019890628742218662
2021-03-16 11:53:59.500,2021-03-16 11:53:59,0.02,0.0020200002,0.0020098087658333335,0.019890628404078792
2021-03-16 11:54:00.000,2021-03-16 11:54:00,0.02,0.0020200002,0.002009808731666667,0.019890628065938925
2021-03-16 11:54:00.500,2021-03-16 11:54:00,0.02,0.0020200002,0.0020098086975,0.019890627727799055
2021-03-16 11:54:01.000,2021-03-16 11:54:01,0.02,0.0020200002,0.0020098086633333337,0.019890627389659188
2021-03-16 11:54:01.500,2021-03-16 11:54:01,0.02,0.0020200002,0.0020098086291666668,0.019890627051519318
2021-03-16 11:54:02.000,2021-03-16 11:54:02,0.02,0.0020200002,0.0020098085950000003,0.019890626713379454
2021-03-16 11:54:02.500,2021-03-16 11:54:02,0.02,0.0020200002,0.0020098085608333334,0.019890626375239584
2021-03-16 11:54:03.000,2021-03-16 11:54:03,0.02,0.0020200002,0.002009808526666667,0.019890626037099717
2021-03-16 11:54:03.500,2021-03-16 11:54:03,0.02,0.0020200002,0.0020098084925,0.019890625698959847
2021-03-16 11:54:04.000,2021-03-16 11:54:04,0.02,0.0020200002,0.0020098084583333336,0.01989062536081998
2021-03-16 11:54:04.500,2021-03-16 11:54:04,0.02,0.0020200002,0.0020098084241666667,0.01989062502268011
2021-03-16 11:54:05.000,2021-03-16 11:54:05,0.02,0.0020200002,0.0020098083900000003,0.019890624684540247
2021-03-16 11:54:05.500,2021-03-16 11:54:05,0.02,0.0020200002,0.0020098083558333334,0.019890624346400376
2021-03-16 11:54:06.000,2021-03-16 11:54:06,0.02,0.0020200002,0.002009808321666667,0.01989062400826051
2021-03-16 11:54:06.500,2021-03-16 11:54:06,0.02,0.0020200002,0.0020098082875,0.01989062367012064
2021-03-16 11:54:07.000,2021-03-16 11:54:07,0.02,0.0020200002,0.0020098082533333336,0.019890623331980772
2021-03-16 11:54:07.500,2021-03-16 11:54:07,0.02,0.0020200002,0.0020098082191666667,0.019890622993840902
2021-03-16 11:54:08.000,2021-03-16 11:54:08,0.02,0.0020200002,0.002009808185,0.01989062265570104
2021-03-16 11:54:08.500,2021-03-16 11:54:08,0.02,0.0020200002,0.0020098081508333333,0.01989062231756117
2021-03-16 11:54:09.000,2021-03-16 11:54:09,0.02,0.0020200002,0.002009808116666667,0.0198906219794213
2021-03-16 11:54:09.500,2021-03-16 11:54:09,0.02,0.0020200002,0.0020098080825,0.01989062164128143
2021-03-16 11:54:10.000,2021-03-16 11:54:10,0.02,0.0020200002,0.0020098080483333335,0.019890621303141565
2021-03-16 11:54:10.500,2021-03-16 11:54:10,0.02,0.0020200002,0.0020098080141666666,0.019890620965001694
2021-03-16 11:54:11.000,2021-03-16 11:54:11,0.02,0.0020200002,0.00200980798,0.01989062062686183
2021-03-16 11:54:11.500,2021-03-16 11:54:11,0.02,0.0020200002,0.0020098079458333337,0.019890620288721964
2021-03-16 11:54:12.000,2021-03-16 11:54:12,0.02,0.0020200002,0.002009807911666667,0.019890619950582094
2021-03-16 11:54:12.500,2021-03-16 11:54:12,0.02,0.0020200002,0.0020098078775000004,0.01989061961244223
2021-03-16 11:54:13.000,2021-03-16 11:54:13,0.02,0.0020200002,0.0020098078433333335,0.019890619274302357
2021-03-16 11:54:13.500,2021-03-16 11:54:13,0.02,0.0020200002,0.002009807809166667,0.019890618936162494
2021-03-16 11:54:14.000,2021-03-16 11:54:14,0.02,0.0020200002,0.002009807775,0.019890618598022623
2021-03-16 11:54:14.500,2021-03-16 11:54:14,0.02,0.0020200002,0.0020098077408333337,0.019890618259882756
2021-03-16 11:54:15.000,2021-03-16 11:54:15,0.02,0.0020200002,0.0020098077066666668,0.019890617921742886
2021-03-16 11:54:15.500,2021-03-16 11:54:15,0.02,0.0020200002,0.0020098076725000003,0.019890617583603023
2021-03-16 11:54:16.000,2021-03-16 11:54:16,0.02,0.0020200002,0.0020098076383333334,0.01989061724546315
2021-03-16 11:54:16.500,2021-03-16 11:54:16,0.02,0.0020200002,0.002009807604166667,0.019890616907323286
2021-03-16 11:54:17.000,2021-03-16 11:54:17,0.02,0.0020200002,0.00200980757,0.019890616569183416
2021-03-16 11:54:17.500,2021-03-16 11:54:17,0.02,0.0020200002,0.0020098075358333336,0.01989061623104355
2021-03-16 11:54:18.000,2021-03-16 11:54:18,0.02,0.0020200002,0.0020098075016666667,0.01989061589290368
2021-03-16 11:54:18.500,2021-03-16 11:54:18,0.02,0.0020200002,0.0020098074675000003,0.019890615554763815
2021-03-16 11:54:19.000,2021-03-16 11:54:19,0.02,0.0020200002,0.0020098074333333334,0.019890615216623945
2021-03-16 11:54:19.500,2021-03-16 11:54:19,0.02,0.0020200002,0.002009807399166667,0.019890614878484078
2021-03-16 11:54:20.000,2021-03-16 11:54:20,0.02,0.0020200002,0.002009807365,0.019890614540344208
2021-03-16 11:54:20.500,2021-03-16 11:54:20,0.02,0.0020200002,0.0020098073308333336,0.01989061420220434
2021-03-16 11:54:21.000,2021-03-16 11:54:21,0.02,0.0020200002,0.0020098072966666667,0.01989061386406447
2021-03-16 11:54:21.500,2021-03-16 11:54:21,0.02,0.0020200002,0.0020098072625,0.019890613525924607
2021-03-16 11:54:22.000,2021-03-16 11:54:22,0.02,0.0020200002,0.0020098072283333333,0.019890613187784737
2021-03-16 11:54:22.500,2021-03-16 11:54:22,0.02,0.0020200002,0.002009807194166667,0.01989061284964487
2021-03-16 11:54:23.000,2021-03-16 11:54:23,0.02,0.0020200002,0.00200980716,0.019890612511505
2021-03-16 11:54:23.500,2021-03-16 11:54:23,0.02,0.0020200002,0.0020098071258333335,0.019890612173365133
2021-03-16 11:54:24.000,2021-03-16 11:54:24,0.02,0.0020200002,0.0020098070916666666,0.019890611835225263
2021-03-16 11:54:24.500,2021-03-16 11:54:24,0.02,0.0020200002,0.0020098070575,0.0198906114970854
2021-03-16 11:54:25.000,2021-03-16 11:54:25,0.02,0.0020200002,0.0020098070233333337,0.019890611158945533
2021-03-16 11:54:25.500,2021-03-16 11:54:25,0.02,0.0020200002,0.002009806989166667,0.019890610820805663
2021-03-16 11:54:26.000,2021-03-16 11:54:26,0.02,0.0020200002,0.0020098069550000004,0.019890610482665796
2021-03-16 11:54:26.500,2021-03-16 11:54:26,0.02,0.0020200002,0.0020098069208333335,0.019890610144525925
2021-03-16 11:54:27.000,2021-03-16 11:54:27,0.02,0.0020200002,0.002009806886666667,0.019890609806386062
2021-03-16 11:54:27.500,2021-03-16 11:54:27,0.02,0.0020200002,0.0020098068525,0.019890609468246192
2021-03-16 11:54:28.000,2021-03-16 11:54:28,0.02,0.0020200002,0.0020098068183333337,0.019890609130106325
2021-03-16 11:54:28.500,2021-03-16 11:54:28,0.02,0.0020200002,0.0020098067841666668,0.019890608791966455
2021-03-16 11:54:29.000,2021-03-16 11:54:29,0.02,0.0020200002,0.0020098067500000003,0.019890608453826588
2021-03-16 11:54:29.500,2021-03-16 11:54:29,0.02,0.0020200002,0.0020098067158333334,0.019890608115686718
2021-03-16 11:54:30.000,2021-03-16 11:54:30,0.02,0.0020200002,0.002009806681666667,0.019890607777546854
2021-03-16 11:54:30.500,2021-03-16 11:54:30,0.02,0.0020200002,0.0020098066475,0.019890607439406984
2021-03-16 11:54:31.000,2021-03-16 11:54:31,0.02,0.0020200002,0.0020098066133333336,0.019890607101267117
2021-03-16 11:54:31.500,2021-03-16 11:54:31,0.02,0.0020200002,0.0020098065791666667,0.019890606763127247
2021-03-16 11:54:32.000,2021-03-16 11:54:32,0.02,0.0020200002,0.0020098065450000003,0.01989060642498738
2021-03-16 11:54:32.500,2021-03-16 11:54:32,0.02,0.0020200002,0.0020098065108333334,0.01989060608684751
2021-03-16 11:54:33.000,2021-03-16 11:54:33,0.02,0.0020200002,0.002009806476666667,0.019890605748707647
2021-03-16 11:54:33.500,2021-03-16 11:54:33,0.02,0.0020200002,0.0020098064425,0.019890605410567776
2021-03-16 11:54:34.000,2021-03-16 11:54:34,0.02,0.0020200002,0.0020098064083333336,0.01989060507242791
2021-03-16 11:54:34.500,2021-03-16 11:54:34,0.02,0.0020200002,0.0020098063741666667,0.01989060473428804
2021-03-16 11:54:35.000,2021-03-16 11:54:35,0.02,0.0020200002,0.00200980634,0.019890604396148173
2021-03-16 11:54:35.500,2021-03-16 11:54:35,0.02,0.0020200002,0.0020098063058333333,0.019890604058008302
2021-03-16 11:54:36.000,2021-03-16 11:54:36,0.02,0.0020200002,0.002009806271666667,0.01989060371986844
2021-03-16 11:54:36.500,2021-03-16 11:54:36,0.02,0.0020200002,0.0020098062375,0.01989060338172857
2021-03-16 11:54:37.000,2021-03-16 11:54:37,0.02,0.0020200002,0.0020098062033333335,0.019890603043588702
2021-03-16 11:54:37.500,2021-03-16 11:54:37,0.02,0.0020200002,0.0020098061691666666,0.01989060270544883
2021-03-16 11:54:38.000,2021-03-16 11:54:38,0.02,0.0020200002,0.002009806135,0.019890602367308965
2021-03-16 11:54:38.500,2021-03-16 11:54:38,0.02,0.0020200002,0.0020098061008333337,0.0198906020291691
2021-03-16 11:54:39.000,2021-03-16 11:54:39,0.02,0.0020200002,0.002009806066666667,0.01989060169102923
2021-03-16 11:54:39.500,2021-03-16 11:54:39,0.02,0.0020200002,0.0020098060325000004,0.019890601352889364
2021-03-16 11:54:40.000,2021-03-16 11:54:40,0.02,0.0020200002,0.0020098059983333335,0.019890601014749494
2021-03-16 11:54:40.500,2021-03-16 11:54:40,0.02,0.0020200002,0.002009805964166667,0.01989060067660963
2021-03-16 11:54:41.000,2021-03-16 11:54:41,0.02,0.0020200002,0.00200980593,0.019890600338469757
2021-03-16 11:54:41.500,2021-03-16 11:54:41,0.02,0.0020200002,0.0020098058958333337,0.019890600000329894
2021-03-16 11:54:42.000,2021-03-16 11:54:42,0.02,0.0020200002,0.0020098058616666668,0.019890599662190023
2021-03-16 11:54:42.500,2021-03-16 11:54:42,0.02,0.0020200002,0.0020098058275000003,0.019890599324050157
2021-03-16 11:54:43.000,2021-03-16 11:54:43,0.02,0.0020200002,0.0020098057933333334,0.019890598985910286
2021-03-16 11:54:43.500,2021-03-16 11:54:43,0.02,0.0020200002,0.002009805759166667,0.019890598647770423
2021-03-16 11:54:44.000,2021-03-16 11:54:44,0.02,0.0020200002,0.002009805725,0.01989059830963055
2021-03-16 11:54:44.500,2021-03-16 11:54:44,0.02,0.0020200002,0.0020098056908333336,0.019890597971490686
2021-03-16 11:54:45.000,2021-03-16 11:54:45,0.02,0.0020200002,0.0020098056566666667,0.019890597633350816
2021-03-16 11:54:45.500,2021-03-16 11:54:45,0.02,0.0020200002,0.0020098056225000003,0.01989059729521095
2021-03-16 11:54:46.000,2021-03-16 11:54:46,0.02,0.0020200002,0.0020098055883333334,0.01989059695707108
2021-03-16 11:54:46.500,2021-03-16 11:54:46,0.02,0.0020200002,0.002009805554166667,0.019890596618931215
2021-03-16 11:54:47.000,2021-03-16 11:54:47,0.02,0.0020200002,0.00200980552,0.01989059628079134
2021-03-16 11:54:47.500,2021-03-16 11:54:47,0.02,0.0020200002,0.0020098054858333336,0.019890595942651478
2021-03-16 11:54:48.000,2021-03-16 11:54:48,0.02,0.0020200002,0.0020098054516666667,0.019890595604511608
2021-03-16 11:54:48.500,2021-03-16 11:54:48,0.02,0.0020200002,0.0020098054175,0.01989059526637174
2021-03-16 11:54:49.000,2021-03-16 11:54:49,0.02,0.0020200002,0.0020098053833333333,0.01989059492823187
2021-03-16 11:54:49.500,2021-03-16 11:54:49,0.02,0.0020200002,0.002009805349166667,0.019890594590092008
2021-03-16 11:54:50.000,2021-03-16 11:54:50,0.02,0.0020200002,0.002009805315,0.019890594251952134
2021-03-16 11:54:50.500,2021-03-16 11:54:50,0.02,0.0020200002,0.0020098052808333335,0.01989059391381227
2021-03-16 11:54:51.000,2021-03-16 11:54:51,0.02,0.0020200002,0.0020098052466666666,0.0198905935756724
2021-03-16 11:54:51.500,2021-03-16 11:54:51,0.02,0.0020200002,0.0020098052125,0.019890593237532533
2021-03-16 11:54:52.000,2021-03-16 11:54:52,0.02,0.0020200002,0.0020098051783333337,0.01989059289939267
2021-03-16 11:54:52.500,2021-03-16 11:54:52,0.02,0.0020200002,0.002009805144166667,0.0198905925612528
2021-03-16 11:54:53.000,2021-03-16 11:54:53,0.02,0.0020200002,0.0020098051100000004,0.019890592223112933
2021-03-16 11:54:53.500,2021-03-16 11:54:53,0.02,0.0020200002,0.0020098050758333335,0.019890591884973063
2021-03-16 11:54:54.000,2021-03-16 11:54:54,0.02,0.0020200002,0.002009805041666667,0.019890591546833196
2021-03-16 11:54:54.500,2021-03-16 11:54:54,0.02,0.0020200002,0.0020098050075,0.019890591208693326
2021-03-16 11:54:55.000,2021-03-16 11:54:55,0.02,0.0020200002,0.0020098049733333337,0.019890590870553462
2021-03-16 11:54:55.500,2021-03-16 11:54:55,0.02,0.0020200002,0.0020098049391666668,0.019890590532413592
2021-03-16 11:54:56.000,2021-03-16 11:54:56,0.02,0.0020200002,0.0020098049050000003,0.019890590194273725
2021-03-16 11:54:56.500,2021-03-16 11:54:56,0.02,0.0020200002,0.0020098048708333334,0.019890589856133855
2021-03-16 11:54:57.000,2021-03-16 11:54:57,0.02,0.0020200002,0.002009804836666667,0.019890589517993988
2021-03-16 11:54:57.500,2021-03-16 11:54:57,0.02,0.0020200002,0.0020098048025,0.019890589179854118
2021-03-16 11:54:58.000,2021-03-16 11:54:58,0.02,0.0020200002,0.0020098047683333336,0.019890588841714255
2021-03-16 11:54:58.500,2021-03-16 11:54:58,0.02,0.0020200002,0.0020098047341666667,0.019890588503574384
2021-03-16 11:54:59.000,2021-03-16 11:54:59,0.02,0.0020200002,0.0020098047000000003,0.019890588165434517
2021-03-16 11:54:59.500,2021-03-16 11:54:59,0.02,0.0020200002,0.0020098047158333336,0.01989058832213348
2021-03-16 11:55:00.000,2021-03-16 11:55:00,0.02,0.0020200002,0.002009804731666667,0.019890588478832443
2021-03-16 11:55:00.500,2021-03-16 11:55:00,0.02,0.0020200002,0.0020098047475000003,0.01989058863553141
2021-03-16 11:55:01.000,2021-03-16 11:55:01,0.02,0.0020200002,0.0020098047633333336,0.019890588792230372
2021-03-16 11:55:01.500,2021-03-16 11:55:01,0.02,0.0020200002,0.002009804779166667,0.019890588948929335
2021-03-16 11:55:02.000,2021-03-16 11:55:02,0.02,0.0020200002,0.0020098047950000003,0.019890589105628298
2021-03-16 11:55:02.500,2021-03-16 11:55:02,0.02,0.0020200002,0.0020098048108333337,0.01989058926232726
2021-03-16 11:55:03.000,2021-03-16 11:55:03,0.02,0.0020200002,0.002009804826666667,0.019890589419026224
2021-03-16 11:55:03.500,2021-03-16 11:55:03,0.02,0.0020200002,0.0020098048425000003,0.01989058957572519
2021-03-16 11:55:04.000,2021-03-16 11:55:04,0.02,0.0020200002,0.0020098048583333337,0.019890589732424153
2021-03-16 11:55:04.500,2021-03-16 11:55:04,0.02,0.0020200002,0.002009804874166667,0.019890589889123116
2021-03-16 11:55:05.000,2021-03-16 11:55:05,0.02,0.0020200002,0.0020098048900000004,0.01989059004582208
2021-03-16 11:55:05.500,2021-03-16 11:55:05,0.02,0.0020200002,0.0020098049058333337,0.01989059020252104
2021-03-16 11:55:06.000,2021-03-16 11:55:06,0.02,0.0020200002,0.0020098049216666666,0.01989059035922
2021-03-16 11:55:06.500,2021-03-16 11:55:06,0.02,0.0020200002,0.0020098049375,0.019890590515918963
2021-03-16 11:55:07.000,2021-03-16 11:55:07,0.02,0.0020200002,0.0020098049533333333,0.019890590672617926
2021-03-16 11:55:07.500,2021-03-16 11:55:07,0.02,0.0020200002,0.0020098049691666666,0.01989059082931689
2021-03-16 11:55:08.000,2021-03-16 11:55:08,0.02,0.0020200002,0.002009804985,0.019890590986015852
2021-03-16 11:55:08.500,2021-03-16 11:55:08,0.02,0.0020200002,0.0020098050008333333,0.019890591142714815
2021-03-16 11:55:09.000,2021-03-16 11:55:09,0.02,0.0020200002,0.0020098050166666667,0.019890591299413778
2021-03-16 11:55:09.500,2021-03-16 11:55:09,0.02,0.0020200002,0.0020098050325,0.01989059145611274
2021-03-16 11:55:10.000,2021-03-16 11:55:10,0.02,0.0020200002,0.0020098050483333334,0.019890591612811703
2021-03-16 11:55:10.500,2021-03-16 11:55:10,0.02,0.0020200002,0.0020098050641666667,0.019890591769510666
2021-03-16 11:55:11.000,2021-03-16 11:55:11,0.02,0.0020200002,0.00200980508,0.019890591926209632
2021-03-16 11:55:11.500,2021-03-16 11:55:11,0.02,0.0020200002,0.0020098050958333334,0.019890592082908595
2021-03-16 11:55:12.000,2021-03-16 11:55:12,0.02,0.0020200002,0.0020098051116666667,0.019890592239607558
2021-03-16 11:55:12.500,2021-03-16 11:55:12,0.02,0.0020200002,0.0020098051275,0.01989059239630652
2021-03-16 11:55:13.000,2021-03-16 11:55:13,0.02,0.0020200002,0.0020098051433333334,0.019890592553005484
2021-03-16 11:55:13.500,2021-03-16 11:55:13,0.02,0.0020200002,0.0020098051591666668,0.019890592709704447
2021-03-16 11:55:14.000,2021-03-16 11:55:14,0.02,0.0020200002,0.002009805175,0.019890592866403413
2021-03-16 11:55:14.500,2021-03-16 11:55:14,0.02,0.0020200002,0.0020098051908333334,0.019890593023102376
2021-03-16 11:55:15.000,2021-03-16 11:55:15,0.02,0.0020200002,0.0020098052066666668,0.01989059317980134
2021-03-16 11:55:15.500,2021-03-16 11:55:15,0.02,0.0020200002,0.0020098052225,0.0198905933365003
2021-03-16 11:55:16.000,2021-03-16 11:55:16,0.02,0.0020200002,0.0020098052383333335,0.019890593493199264
2021-03-16 11:55:16.500,2021-03-16 11:55:16,0.02,0.0020200002,0.002009805254166667,0.019890593649898227
2021-03-16 11:55:17.000,2021-03-16 11:55:17,0.02,0.0020200002,0.00200980527,0.01989059380659719
2021-03-16 11:55:17.500,2021-03-16 11:55:17,0.02,0.0020200002,0.0020098052858333335,0.019890593963296153
2021-03-16 11:55:18.000,2021-03-16 11:55:18,0.02,0.0020200002,0.002009805301666667,0.019890594119995116
2021-03-16 11:55:18.500,2021-03-16 11:55:18,0.02,0.0020200002,0.0020098053175,0.01989059427669408
2021-03-16 11:55:19.000,2021-03-16 11:55:19,0.02,0.0020200002,0.0020098053333333335,0.01989059443339304
2021-03-16 11:55:19.500,2021-03-16 11:55:19,0.02,0.0020200002,0.002009805349166667,0.019890594590092008
2021-03-16 11:55:20.000,2021-03-16 11:55:20,0.02,0.0020200002,0.002009805365,0.01989059474679097
2021-03-16 11:55:20.500,2021-03-16 11:55:20,0.02,0.0020200002,0.0020098053808333335,0.019890594903489933
2021-03-16 11:55:21.000,2021-03-16 11:55:21,0.02,0.0020200002,0.002009805396666667,0.019890595060188896
2021-03-16 11:55:21.500,2021-03-16 11:55:21,0.02,0.0020200002,0.0020098054125000002,0.01989059521688786
2021-03-16 11:55:22.000,2021-03-16 11:55:22,0.02,0.0020200002,0.0020098054283333336,0.01989059537358682
2021-03-16 11:55:22.500,2021-03-16 11:55:22,0.02,0.0020200002,0.002009805444166667,0.019890595530285788
2021-03-16 11:55:23.000,2021-03-16 11:55:23,0.01,0.00101000005,0.0009998053100000002,0.009894849816414794
2021-03-16 11:55:23.500,2021-03-16 11:55:23,0.01,0.00101000005,0.0009998053258333335,0.009894849973113759
2021-03-16 11:55:24.000,2021-03-16 11:55:24,0.01,0.00101000005,0.0009998053416666666,0.009894850129812718
2021-03-16 11:55:24.500,2021-03-16 11:55:24,0.01,0.00101000005,0.0009998053575,0.009894850286511683
2021-03-16 11:55:25.000,2021-03-16 11:55:25,0.01,0.00101000005,0.0009998053733333333,0.009894850443210645
2021-03-16 11:55:25.500,2021-03-16 11:55:25,0.01,0.00101000005,0.0009998053891666667,0.009894850599909608
2021-03-16 11:55:26.000,2021-03-16 11:55:26,0.01,0.00101000005,0.000999805405,0.009894850756608571
2021-03-16 11:55:26.500,2021-03-16 11:55:26,0.01,0.00101000005,0.0009998054208333333,0.009894850913307534
2021-03-16 11:55:27.000,2021-03-16 11:55:27,0.01,0.00101000005,0.0009998054366666667,0.009894851070006497
2021-03-16 11:55:27.500,2021-03-16 11:55:27,0.01,0.00101000005,0.0009998054525,0.009894851226705461
2021-03-16 11:55:28.000,2021-03-16 11:55:28,0.01,0.00101000005,0.0009998054683333334,0.009894851383404424
2021-03-16 11:55:28.500,2021-03-16 11:55:28,0.01,0.00101000005,0.0009998054841666667,0.009894851540103387
2021-03-16 11:55:29.000,2021-03-16 11:55:29,0.01,0.00101000005,0.0009998055,0.009894851696802352
2021-03-16 11:55:29.500,2021-03-16 11:55:29,0.01,0.00101000005,0.0009998055158333334,0.009894851853501314
2021-03-16 11:55:30.000,2021-03-16 11:55:30,0.01,0.00101000005,0.0009998055316666667,0.009894852010200277
2021-03-16 11:55:30.500,2021-03-16 11:55:30,0.01,0.00101000005,0.0009998055475,0.00989485216689924
2021-03-16 11:55:31.000,2021-03-16 11:55:31,0.01,0.00101000005,0.0009998055633333334,0.009894852323598203
2021-03-16 11:55:31.500,2021-03-16 11:55:31,0.01,0.00101000005,0.0009998055791666668,0.009894852480297166
2021-03-16 11:55:32.000,2021-03-16 11:55:32,0.01,0.00101000005,0.000999805595,0.00989485263699613
2021-03-16 11:55:32.500,2021-03-16 11:55:32,0.02,0.0020200002,0.0020098057608333333,0.019890598664265048
2021-03-16 11:55:33.000,2021-03-16 11:55:33,0.02,0.0020200002,0.0020098057766666667,0.01989059882096401
2021-03-16 11:55:33.500,2021-03-16 11:55:33,0.02,0.0020200002,0.0020098057925,0.019890598977662974
2021-03-16 11:55:34.000,2021-03-16 11:55:34,0.02,0.0020200002,0.0020098058083333334,0.019890599134361937
2021-03-16 11:55:34.500,2021-03-16 11:55:34,0.02,0.0020200002,0.0020098058241666667,0.0198905992910609
2021-03-16 11:55:35.000,2021-03-16 11:55:35,0.02,0.0020200002,0.00200980584,0.019890599447759862
2021-03-16 11:55:35.500,2021-03-16 11:55:35,0.02,0.0020200002,0.0020098058558333334,0.01989059960445883
2021-03-16 11:55:36.000,2021-03-16 11:55:36,0.02,0.0020200002,0.0020098058716666667,0.01989059976115779
2021-03-16 11:55:36.500,2021-03-16 11:55:36,0.02,0.0020200002,0.0020098058875,0.019890599917856754
2021-03-16 11:55:37.000,2021-03-16 11:55:37,0.02,0.0020200002,0.0020098059033333334,0.019890600074555717
2021-03-16 11:55:37.500,2021-03-16 11:55:37,0.02,0.0020200002,0.0020098059191666667,0.01989060023125468
2021-03-16 11:55:38.000,2021-03-16 11:55:38,0.02,0.0020200002,0.002009805935,0.019890600387953643
2021-03-16 11:55:38.500,2021-03-16 11:55:38,0.02,0.0020200002,0.0020098059508333334,0.019890600544652606
2021-03-16 11:55:39.000,2021-03-16 11:55:39,0.02,0.0020200002,0.0020098059666666668,0.01989060070135157
2021-03-16 11:55:39.500,2021-03-16 11:55:39,0.02,0.0020200002,0.0020098059825,0.01989060085805053
2021-03-16 11:55:40.000,2021-03-16 11:55:40,0.02,0.0020200002,0.0020098059983333335,0.019890601014749494
2021-03-16 11:55:40.500,2021-03-16 11:55:40,0.02,0.0020200002,0.002009806014166667,0.019890601171448457
2021-03-16 11:55:41.000,2021-03-16 11:55:41,0.02,0.0020200002,0.00200980603,0.01989060132814742
2021-03-16 11:55:41.500,2021-03-16 11:55:41,0.02,0.0020200002,0.0020098060458333335,0.019890601484846386
2021-03-16 11:55:42.000,2021-03-16 11:55:42,0.02,0.0020200002,0.002009806061666667,0.01989060164154535
2021-03-16 11:55:42.500,2021-03-16 11:55:42,0.02,0.0020200002,0.0020098060775,0.019890601798244312
2021-03-16 11:55:43.000,2021-03-16 11:55:43,0.02,0.0020200002,0.0020098060933333335,0.019890601954943275
2021-03-16 11:55:43.500,2021-03-16 11:55:43,0.02,0.0020200002,0.002009806109166667,0.019890602111642237
2021-03-16 11:55:44.000,2021-03-16 11:55:44,0.02,0.0020200002,0.002009806125,0.0198906022683412
2021-03-16 11:55:44.500,2021-03-16 11:55:44,0.02,0.0020200002,0.0020098061408333335,0.019890602425040167
2021-03-16 11:55:45.000,2021-03-16 11:55:45,0.02,0.0020200002,0.002009806156666667,0.01989060258173913
2021-03-16 11:55:45.500,2021-03-16 11:55:45,0.02,0.0020200002,0.0020098061725000002,0.019890602738438092
2021-03-16 11:55:46.000,2021-03-16 11:55:46,0.02,0.0020200002,0.0020098061883333336,0.019890602895137055
2021-03-16 11:55:46.500,2021-03-16 11:55:46,0.02,0.0020200002,0.002009806204166667,0.019890603051836018
2021-03-16 11:55:47.000,2021-03-16 11:55:47,0.02,0.0020200002,0.0020098062200000003,0.01989060320853498
2021-03-16 11:55:47.500,2021-03-16 11:55:47,0.02,0.0020200002,0.0020098062358333336,0.019890603365233944
2021-03-16 11:55:48.000,2021-03-16 11:55:48,0.02,0.0020200002,0.002009806251666667,0.019890603521932906
2021-03-16 11:55:48.500,2021-03-16 11:55:48,0.02,0.0020200002,0.0020098062675000003,0.01989060367863187
2021-03-16 11:55:49.000,2021-03-16 11:55:49,0.02,0.0020200002,0.0020098062833333336,0.019890603835330832
2021-03-16 11:55:49.500,2021-03-16 11:55:49,0.02,0.0020200002,0.002009806299166667,0.019890603992029795
2021-03-16 11:55:50.000,2021-03-16 11:55:50,0.02,0.0020200002,0.0020098063150000003,0.01989060414872876
2021-03-16 11:55:50.500,2021-03-16 11:55:50,0.02,0.0020200002,0.0020098063308333337,0.019890604305427724
2021-03-16 11:55:51.000,2021-03-16 11:55:51,0.02,0.0020200002,0.002009806346666667,0.019890604462126687
2021-03-16 11:55:51.500,2021-03-16 11:55:51,0.02,0.0020200002,0.0020098063625000003,0.01989060461882565
2021-03-16 11:55:52.000,2021-03-16 11:55:52,0.02,0.0020200002,0.0020098063783333337,0.019890604775524613
2021-03-16 11:55:52.500,2021-03-16 11:55:52,0.02,0.0020200002,0.002009806394166667,0.019890604932223575
2021-03-16 11:55:53.000,2021-03-16 11:55:53,0.02,0.0020200002,0.0020098064100000004,0.01989060508892254
2021-03-16 11:55:53.500,2021-03-16 11:55:53,0.02,0.0020200002,0.0020098064258333337,0.019890605245621504
2021-03-16 11:55:54.000,2021-03-16 11:55:54,0.02,0.0020200002,0.0020098064416666666,0.01989060540232046
2021-03-16 11:55:54.500,2021-03-16 11:55:54,0.02,0.0020200002,0.0020098064575,0.019890605559019427
2021-03-16 11:55:55.000,2021-03-16 11:55:55,0.02,0.0020200002,0.0020098064733333333,0.01989060571571839
2021-03-16 11:55:55.500,2021-03-16 11:55:55,0.02,0.0020200002,0.0020098064891666666,0.019890605872417352
2021-03-16 11:55:56.000,2021-03-16 11:55:56,0.02,0.0020200002,0.002009806505,0.019890606029116315
2021-03-16 11:55:56.500,2021-03-16 11:55:56,0.02,0.0020200002,0.0020098065208333333,0.019890606185815278
2021-03-16 11:55:57.000,2021-03-16 11:55:57,0.02,0.0020200002,0.0020098065366666667,0.01989060634251424
2021-03-16 11:55:57.500,2021-03-16 11:55:57,0.02,0.0020200002,0.0020098065525,0.019890606499213204
2021-03-16 11:55:58.000,2021-03-16 11:55:58,0.02,0.0020200002,0.0020098065683333334,0.019890606655912167
2021-03-16 11:55:58.500,2021-03-16 11:55:58,0.02,0.0020200002,0.0020098065841666667,0.01989060681261113
2021-03-16 11:55:59.000,2021-03-16 11:55:59,0.02,0.0020200002,0.0020098066,0.019890606969310092
2021-03-16 11:55:59.500,2021-03-16 11:55:59,0.02,0.0020200002,0.002009806606666667,0.019890607035288606
2021-03-16 11:56:00.000,2021-03-16 11:56:00,0.02,0.0020200002,0.0020098066133333336,0.019890607101267117
2021-03-16 11:56:00.500,2021-03-16 11:56:00,0.02,0.0020200002,0.00200980662,0.019890607167245625
2021-03-16 11:56:01.000,2021-03-16 11:56:01,0.02,0.0020200002,0.0020098066266666667,0.019890607233224136
2021-03-16 11:56:01.500,2021-03-16 11:56:01,0.02,0.0020200002,0.0020098066333333335,0.01989060729920265
2021-03-16 11:56:02.000,2021-03-16 11:56:02,0.02,0.0020200002,0.0020098066400000003,0.01989060736518116
2021-03-16 11:56:02.500,2021-03-16 11:56:02,0.02,0.0020200002,0.0020098066466666667,0.019890607431159668
2021-03-16 11:56:03.000,2021-03-16 11:56:03,0.02,0.0020200002,0.0020098066533333334,0.019890607497138182
2021-03-16 11:56:03.500,2021-03-16 11:56:03,0.02,0.0020200002,0.0020098066600000002,0.019890607563116693
2021-03-16 11:56:04.000,2021-03-16 11:56:04,0.02,0.0020200002,0.002009806666666667,0.019890607629095204
2021-03-16 11:56:04.500,2021-03-16 11:56:04,0.02,0.0020200002,0.0020098066733333334,0.019890607695073715
2021-03-16 11:56:05.000,2021-03-16 11:56:05,0.02,0.0020200002,0.00200980668,0.019890607761052222
2021-03-16 11:56:05.500,2021-03-16 11:56:05,0.02,0.0020200002,0.002009806686666667,0.019890607827030737
2021-03-16 11:56:06.000,2021-03-16 11:56:06,0.02,0.0020200002,0.0020098066933333333,0.019890607893009244
2021-03-16 11:56:06.500,2021-03-16 11:56:06,0.02,0.0020200002,0.0020098067,0.019890607958987755
2021-03-16 11:56:07.000,2021-03-16 11:56:07,0.02,0.0020200002,0.002009806706666667,0.01989060802496627
2021-03-16 11:56:07.500,2021-03-16 11:56:07,0.02,0.0020200002,0.0020098067133333336,0.01989060809094478
2021-03-16 11:56:08.000,2021-03-16 11:56:08,0.02,0.0020200002,0.00200980672,0.019890608156923287
2021-03-16 11:56:08.500,2021-03-16 11:56:08,0.03,0.00303000045,0.0030198069766666667,0.029886355083149418
2021-03-16 11:56:09.000,2021-03-16 11:56:09,0.02,0.0020200002,0.0020098067333333336,0.019890608288880313
2021-03-16 11:56:09.500,2021-03-16 11:56:09,0.02,0.0020200002,0.0020098067400000003,0.019890608354858823
2021-03-16 11:56:10.000,2021-03-16 11:56:10,0.02,0.0020200002,0.0020098067466666667,0.01989060842083733
2021-03-16 11:56:10.500,2021-03-16 11:56:10,0.02,0.0020200002,0.0020098067533333335,0.019890608486815845
2021-03-16 11:56:11.000,2021-03-16 11:56:11,0.02,0.0020200002,0.0020098067600000003,0.019890608552794356
2021-03-16 11:56:11.500,2021-03-16 11:56:11,0.02,0.0020200002,0.0020098067666666666,0.019890608618772863
2021-03-16 11:56:12.000,2021-03-16 11:56:12,0.03,0.00303000045,0.0030198070233333333,0.02988635554499899
2021-03-16 11:56:12.500,2021-03-16 11:56:12,0.02,0.0020200002,0.00200980678,0.019890608750729885
2021-03-16 11:56:13.000,2021-03-16 11:56:13,0.02,0.0020200002,0.002009806786666667,0.0198906088167084
2021-03-16 11:56:13.500,2021-03-16 11:56:13,0.02,0.0020200002,0.0020098067933333333,0.019890608882686907
2021-03-16 11:56:14.000,2021-03-16 11:56:14,0.02,0.0020200002,0.0020098068,0.019890608948665418
2021-03-16 11:56:14.500,2021-03-16 11:56:14,0.02,0.0020200002,0.002009806806666667,0.019890609014643932
2021-03-16 11:56:15.000,2021-03-16 11:56:15,0.11,0.01111000605,0.011099812663333333,0.10985236645124681
2021-03-16 11:56:15.500,2021-03-16 11:56:15,0.23,0.023230026450000003,0.023219833070000005,0.22980150104410996
2021-03-16 11:56:16.000,2021-03-16 11:56:16,0.28,0.028280039200000003,0.02826984582666667,0.27978034922425765
2021-03-16 11:56:16.500,2021-03-16 11:56:16,0.32,0.0323200512,0.03230985783333333,0.3197634455957694
2021-03-16 11:56:17.000,2021-03-16 11:56:17,0.33,0.03333005445000001,0.03331986109000001,0.3297592222123255
2021-03-16 11:56:17.500,2021-03-16 11:56:17,0.31,0.031310048050000004,0.03129985469666667,0.30976767016682666
2021-03-16 11:56:18.000,2021-03-16 11:56:18,0.29,0.02929004205,0.029279848703333333,0.2897761220800385
2021-03-16 11:56:18.500,2021-03-16 11:56:18,0.31,0.031310048050000004,0.031299854710000005,0.3097676702987837
2021-03-16 11:56:19.000,2021-03-16 11:56:19,0.33,0.03333005445000001,0.033319861116666676,0.3297592224762395
2021-03-16 11:56:19.500,2021-03-16 11:56:19,0.33,0.03333005445000001,0.03331986112333334,0.32975922254221807
2021-03-16 11:56:20.000,2021-03-16 11:56:20,0.33,0.03333005445000001,0.03331986113000001,0.32975922260819657
2021-03-16 11:56:20.500,2021-03-16 11:56:20,0.34,0.034340057800000004,0.034329864486666674,0.3397550002144302
2021-03-16 11:56:21.000,2021-03-16 11:56:21,0.34,0.034340057800000004,0.034329864493333334,0.33975500028040867
2021-03-16 11:56:21.500,2021-03-16 11:56:21,0.35,0.03535006125,0.03533986795,0.34975077887631995
2021-03-16 11:56:22.000,2021-03-16 11:56:22,0.33,0.03333005445000001,0.03331986115666667,0.32975922287211057
2021-03-16 11:56:22.500,2021-03-16 11:56:22,0.33,0.03333005445000001,0.03331986116333334,0.32975922293808907
2021-03-16 11:56:23.000,2021-03-16 11:56:23,0.34,0.034340057800000004,0.03432986452,0.33975500054432267
2021-03-16 11:56:23.500,2021-03-16 11:56:23,0.34,0.034340057800000004,0.03432986452666667,0.3397550006103012
2021-03-16 11:56:24.000,2021-03-16 11:56:24,0.34,0.034340057800000004,0.03432986453333334,0.33975500067627973
2021-03-16 11:56:24.500,2021-03-16 11:56:24,0.33,0.03333005445000001,0.03331986119000001,0.3297592232020031
2021-03-16 11:56:25.000,2021-03-16 11:56:25,0.32,0.0323200512,0.032309857946666666,0.3197634467174041
2021-03-16 11:56:25.500,2021-03-16 11:56:25,0.32,0.0323200512,0.03230985795333333,0.31976344678338264
2021-03-16 11:56:26.000,2021-03-16 11:56:26,0.31,0.031310048050000004,0.031299854810000007,0.3097676712884614
2021-03-16 11:56:26.500,2021-03-16 11:56:26,0.33,0.03333005445000001,0.03331986121666668,0.32975922346591724
2021-03-16 11:56:27.000,2021-03-16 11:56:27,0.32,0.0323200512,0.032309857973333335,0.31976344698131814
2021-03-16 11:56:27.500,2021-03-16 11:56:27,0.36,0.0363600648,0.03634987158,0.3597465591876725
2021-03-16 11:56:28.000,2021-03-16 11:56:28,0.36,0.0363600648,0.036349871586666666,0.359746559253651
2021-03-16 11:56:28.500,2021-03-16 11:56:28,0.36,0.0363600648,0.03634987159333333,0.35974655931962957
2021-03-16 11:56:29.000,2021-03-16 11:56:29,0.36,0.0363600648,0.0363498716,0.35974655938560807
2021-03-16 11:56:29.500,2021-03-16 11:56:29,0.36,0.0363600648,0.03634987160666667,0.35974655945158657
2021-03-16 11:56:30.000,2021-03-16 11:56:30,0.36,0.0363600648,0.036349871613333334,0.3597465595175651
2021-03-16 11:56:30.500,2021-03-16 11:56:30,0.36,0.0363600648,0.03634987162,0.3597465595835436
2021-03-16 11:56:31.000,2021-03-16 11:56:31,0.36,0.0363600648,0.03634987162666667,0.3597465596495221
2021-03-16 11:56:31.500,2021-03-16 11:56:31,0.36,0.0363600648,0.036349871633333336,0.3597465597155007
2021-03-16 11:56:32.000,2021-03-16 11:56:32,0.36,0.0363600648,0.03634987164,0.3597465597814791
2021-03-16 11:56:32.500,2021-03-16 11:56:32,0.36,0.0363600648,0.03634987164666667,0.3597465598474577
2021-03-16 11:56:33.000,2021-03-16 11:56:33,0.36,0.0363600648,0.03634987165333334,0.35974655991343624
2021-03-16 11:56:33.500,2021-03-16 11:56:33,0.36,0.0363600648,0.03634987166,0.3597465599794147
2021-03-16 11:56:34.000,2021-03-16 11:56:34,0.36,0.0363600648,0.036349871666666665,0.3597465600453931
2021-03-16 11:56:34.500,2021-03-16 11:56:34,0.36,0.0363600648,0.03634987167333333,0.3597465601113717
2021-03-16 11:56:35.000,2021-03-16 11:56:35,0.36,0.0363600648,0.03634987168,0.3597465601773502
2021-03-16 11:56:35.500,2021-03-16 11:56:35,0.36,0.0363600648,0.03634987168666667,0.3597465602433287
2021-03-16 11:56:36.000,2021-03-16 11:56:36,0.36,0.0363600648,0.036349871693333334,0.35974656030930724
2021-03-16 11:56:36.500,2021-03-16 11:56:36,0.36,0.0363600648,0.0363498717,0.35974656037528574
2021-03-16 11:56:37.000,2021-03-16 11:56:37,0.36,0.0363600648,0.03634987170666667,0.35974656044126424
2021-03-16 11:56:37.500,2021-03-16 11:56:37,0.36,0.0363600648,0.036349871713333336,0.3597465605072428
2021-03-16 11:56:38.000,2021-03-16 11:56:38,0.36,0.0363600648,0.03634987172,0.3597465605732213
2021-03-16 11:56:38.500,2021-03-16 11:56:38,0.36,0.0363600648,0.03634987172666667,0.3597465606391998
2021-03-16 11:56:39.000,2021-03-16 11:56:39,0.36,0.0363600648,0.03634987173333334,0.35974656070517835
2021-03-16 11:56:39.500,2021-03-16 11:56:39,0.36,0.0363600648,0.036349871740000005,0.35974656077115685
2021-03-16 11:56:40.000,2021-03-16 11:56:40,0.36,0.0363600648,0.036349871746666665,0.35974656083713524
2021-03-16 11:56:40.500,2021-03-16 11:56:40,0.36,0.0363600648,0.03634987175333333,0.3597465609031138
2021-03-16 11:56:41.000,2021-03-16 11:56:41,0.36,0.0363600648,0.03634987176,0.35974656096909235
2021-03-16 11:56:41.500,2021-03-16 11:56:41,0.36,0.0363600648,0.036349871766666667,0.3597465610350708
2021-03-16 11:56:42.000,2021-03-16 11:56:42,0.36,0.0363600648,0.036349871773333334,0.35974656110104936
2021-03-16 11:56:42.500,2021-03-16 11:56:42,0.36,0.0363600648,0.03634987178,0.3597465611670279
2021-03-16 11:56:43.000,2021-03-16 11:56:43,0.36,0.0363600648,0.03634987178666667,0.35974656123300636
2021-03-16 11:56:43.500,2021-03-16 11:56:43,0.36,0.0363600648,0.036349871793333335,0.3597465612989849
2021-03-16 11:56:44.000,2021-03-16 11:56:44,0.36,0.0363600648,0.0363498718,0.3597465613649634
2021-03-16 11:56:44.500,2021-03-16 11:56:44,0.36,0.0363600648,0.03634987180666667,0.3597465614309419
2021-03-16 11:56:45.000,2021-03-16 11:56:45,0.36,0.0363600648,0.03634987181333334,0.35974656149692047
2021-03-16 11:56:45.500,2021-03-16 11:56:45,0.36,0.0363600648,0.036349871820000004,0.35974656156289897
2021-03-16 11:56:46.000,2021-03-16 11:56:46,0.36,0.0363600648,0.036349871826666665,0.3597465616288774
2021-03-16 11:56:46.500,2021-03-16 11:56:46,0.36,0.0363600648,0.03634987183333333,0.3597465616948559
2021-03-16 11:56:47.000,2021-03-16 11:56:47,0.36,0.0363600648,0.03634987184,0.35974656176083447
2021-03-16 11:56:47.500,2021-03-16 11:56:47,0.36,0.0363600648,0.036349871846666666,0.35974656182681297
2021-03-16 11:56:48.000,2021-03-16 11:56:48,0.36,0.0363600648,0.03634987185333333,0.35974656189279147
2021-03-16 11:56:48.500,2021-03-16 11:56:48,0.36,0.0363600648,0.03634987186,0.35974656195877
2021-03-16 11:56:49.000,2021-03-16 11:56:49,0.36,0.0363600648,0.03634987186666667,0.35974656202474853
2021-03-16 11:56:49.500,2021-03-16 11:56:49,0.36,0.0363600648,0.036349871873333335,0.35974656209072703
2021-03-16 11:56:50.000,2021-03-16 11:56:50,0.36,0.0363600648,0.03634987188,0.35974656215670553
2021-03-16 11:56:50.500,2021-03-16 11:56:50,0.36,0.0363600648,0.03634987188666667,0.3597465622226841
2021-03-16 11:56:51.000,2021-03-16 11:56:51,0.36,0.0363600648,0.03634987189333334,0.3597465622886626
2021-03-16 11:56:51.500,2021-03-16 11:56:51,0.36,0.0363600648,0.036349871900000004,0.3597465623546411
2021-03-16 11:56:52.000,2021-03-16 11:56:52,0.36,0.0363600648,0.03634987190666667,0.35974656242061964
2021-03-16 11:56:52.500,2021-03-16 11:56:52,0.36,0.0363600648,0.03634987191333333,0.35974656248659803
2021-03-16 11:56:53.000,2021-03-16 11:56:53,0.36,0.0363600648,0.03634987192,0.3597465625525766
2021-03-16 11:56:53.500,2021-03-16 11:56:53,0.36,0.0363600648,0.036349871926666666,0.3597465626185551
2021-03-16 11:56:54.000,2021-03-16 11:56:54,0.36,0.0363600648,0.03634987193333333,0.3597465626845336
2021-03-16 11:56:54.500,2021-03-16 11:56:54,0.36,0.0363600648,0.03634987194,0.3597465627505121
2021-03-16 11:56:55.000,2021-03-16 11:56:55,0.36,0.0363600648,0.03634987194666667,0.35974656281649064
2021-03-16 11:56:55.500,2021-03-16 11:56:55,0.36,0.0363600648,0.036349871953333335,0.35974656288246915
2021-03-16 11:56:56.000,2021-03-16 11:56:56,0.36,0.0363600648,0.03634987196,0.35974656294844765
2021-03-16 11:56:56.500,2021-03-16 11:56:56,0.36,0.0363600648,0.03634987196666667,0.3597465630144262
2021-03-16 11:56:57.000,2021-03-16 11:56:57,0.36,0.0363600648,0.036349871973333336,0.3597465630804047
2021-03-16 11:56:57.500,2021-03-16 11:56:57,0.36,0.0363600648,0.036349871980000004,0.3597465631463832
2021-03-16 11:56:58.000,2021-03-16 11:56:58,0.36,0.0363600648,0.03634987198666667,0.35974656321236176
2021-03-16 11:56:58.500,2021-03-16 11:56:58,0.36,0.0363600648,0.03634987199333333,0.3597465632783402
2021-03-16 11:56:59.000,2021-03-16 11:56:59,0.36,0.0363600648,0.036349872,0.3597465633443187
2021-03-16 11:56:59.500,2021-03-16 11:56:59,0.36,0.0363600648,0.036349871990000004,0.35974656324535104
2021-03-16 11:57:00.000,2021-03-16 11:57:00,0.36,0.0363600648,0.036349871980000004,0.3597465631463832
2021-03-16 11:57:00.500,2021-03-16 11:57:00,0.36,0.0363600648,0.03634987197,0.3597465630474155
2021-03-16 11:57:01.000,2021-03-16 11:57:01,0.36,0.0363600648,0.03634987196,0.35974656294844765
2021-03-16 11:57:01.500,2021-03-16 11:57:01,0.36,0.0363600648,0.03634987195,0.3597465628494799
2021-03-16 11:57:02.000,2021-03-16 11:57:02,0.36,0.0363600648,0.03634987194,0.3597465627505121
2021-03-16 11:57:02.500,2021-03-16 11:57:02,0.36,0.0363600648,0.03634987193,0.35974656265154437
2021-03-16 11:57:03.000,2021-03-16 11:57:03,0.36,0.0363600648,0.03634987192,0.3597465625525766
2021-03-16 11:57:03.500,2021-03-16 11:57:03,0.36,0.0363600648,0.03634987191,0.3597465624536088
2021-03-16 11:57:04.000,2021-03-16 11:57:04,0.36,0.0363600648,0.036349871900000004,0.3597465623546411
2021-03-16 11:57:04.500,2021-03-16 11:57:04,0.36,0.0363600648,0.03634987189,0.3597465622556733
2021-03-16 11:57:05.000,2021-03-16 11:57:05,0.36,0.0363600648,0.03634987188,0.35974656215670553
2021-03-16 11:57:05.500,2021-03-16 11:57:05,0.36,0.0363600648,0.03634987187,0.35974656205773775
2021-03-16 11:57:06.000,2021-03-16 11:57:06,0.36,0.0363600648,0.03634987186,0.35974656195877
2021-03-16 11:57:06.500,2021-03-16 11:57:06,0.36,0.0363600648,0.03634987185,0.3597465618598022
2021-03-16 11:57:07.000,2021-03-16 11:57:07,0.36,0.0363600648,0.03634987184,0.35974656176083447
2021-03-16 11:57:07.500,2021-03-16 11:57:07,0.36,0.0363600648,0.03634987183,0.35974656166186664
2021-03-16 11:57:08.000,2021-03-16 11:57:08,0.36,0.0363600648,0.036349871820000004,0.35974656156289897
2021-03-16 11:57:08.500,2021-03-16 11:57:08,0.36,0.0363600648,0.03634987181,0.3597465614639312
2021-03-16 11:57:09.000,2021-03-16 11:57:09,0.36,0.0363600648,0.0363498718,0.3597465613649634
2021-03-16 11:57:09.500,2021-03-16 11:57:09,0.36,0.0363600648,0.03634987179,0.35974656126599563
2021-03-16 11:57:10.000,2021-03-16 11:57:10,0.36,0.0363600648,0.03634987178,0.3597465611670279
2021-03-16 11:57:10.500,2021-03-16 11:57:10,0.36,0.0363600648,0.03634987177,0.3597465610680601
2021-03-16 11:57:11.000,2021-03-16 11:57:11,0.36,0.0363600648,0.03634987176,0.35974656096909235
2021-03-16 11:57:11.500,2021-03-16 11:57:11,0.36,0.0363600648,0.03634987175,0.3597465608701245
2021-03-16 11:57:12.000,2021-03-16 11:57:12,0.36,0.0363600648,0.036349871740000005,0.35974656077115685
2021-03-16 11:57:12.500,2021-03-16 11:57:12,0.36,0.0363600648,0.036349871730000004,0.3597465606721891
2021-03-16 11:57:13.000,2021-03-16 11:57:13,0.36,0.0363600648,0.03634987172,0.3597465605732213
2021-03-16 11:57:13.500,2021-03-16 11:57:13,0.36,0.0363600648,0.03634987171,0.3597465604742535
2021-03-16 11:57:14.000,2021-03-16 11:57:14,0.36,0.0363600648,0.0363498717,0.35974656037528574
2021-03-16 11:57:14.500,2021-03-16 11:57:14,0.36,0.0363600648,0.03634987169,0.35974656027631796
2021-03-16 11:57:15.000,2021-03-16 11:57:15,0.36,0.0363600648,0.03634987168,0.3597465601773502
2021-03-16 11:57:15.500,2021-03-16 11:57:15,0.36,0.0363600648,0.03634987167,0.3597465600783824
2021-03-16 11:57:16.000,2021-03-16 11:57:16,0.36,0.0363600648,0.03634987166,0.3597465599794147
2021-03-16 11:57:16.500,2021-03-16 11:57:16,0.36,0.0363600648,0.036349871650000004,0.35974655988044696
2021-03-16 11:57:17.000,2021-03-16 11:57:17,0.36,0.0363600648,0.03634987164,0.3597465597814791
2021-03-16 11:57:17.500,2021-03-16 11:57:17,0.36,0.0363600648,0.03634987163,0.3597465596825114
2021-03-16 11:57:18.000,2021-03-16 11:57:18,0.36,0.0363600648,0.03634987162,0.3597465595835436
2021-03-16 11:57:18.500,2021-03-16 11:57:18,0.36,0.0363600648,0.03634987161,0.35974655948457585
2021-03-16 11:57:19.000,2021-03-16 11:57:19,0.36,0.0363600648,0.0363498716,0.35974655938560807
2021-03-16 11:57:19.500,2021-03-16 11:57:19,0.36,0.0363600648,0.03634987159,0.3597465592866403
2021-03-16 11:57:20.000,2021-03-16 11:57:20,0.36,0.0363600648,0.03634987158,0.3597465591876725
2021-03-16 11:57:20.500,2021-03-16 11:57:20,0.36,0.0363600648,0.036349871570000004,0.35974655908870484
2021-03-16 11:57:21.000,2021-03-16 11:57:21,0.36,0.0363600648,0.036349871560000004,0.359746558989737
2021-03-16 11:57:21.500,2021-03-16 11:57:21,0.36,0.0363600648,0.03634987155,0.3597465588907693
2021-03-16 11:57:22.000,2021-03-16 11:57:22,0.36,0.0363600648,0.03634987154,0.3597465587918015
2021-03-16 11:57:22.500,2021-03-16 11:57:22,0.36,0.0363600648,0.03634987153,0.35974655869283373
2021-03-16 11:57:23.000,2021-03-16 11:57:23,0.36,0.0363600648,0.03634987152,0.35974655859386595
2021-03-16 11:57:23.500,2021-03-16 11:57:23,0.36,0.0363600648,0.03634987151,0.35974655849489817
2021-03-16 11:57:24.000,2021-03-16 11:57:24,0.36,0.0363600648,0.0363498715,0.3597465583959304
2021-03-16 11:57:24.500,2021-03-16 11:57:24,0.36,0.0363600648,0.03634987149,0.3597465582969626
2021-03-16 11:57:25.000,2021-03-16 11:57:25,0.36,0.0363600648,0.036349871480000004,0.35974655819799495
2021-03-16 11:57:25.500,2021-03-16 11:57:25,0.36,0.0363600648,0.03634987147,0.3597465580990271
2021-03-16 11:57:26.000,2021-03-16 11:57:26,0.36,0.0363600648,0.03634987146,0.3597465580000594
2021-03-16 11:57:26.500,2021-03-16 11:57:26,0.36,0.0363600648,0.03634987145,0.35974655790109156
2021-03-16 11:57:27.000,2021-03-16 11:57:27,0.36,0.0363600648,0.03634987144,0.35974655780212383
2021-03-16 11:57:27.500,2021-03-16 11:57:27,0.36,0.0363600648,0.03634987143,0.359746557703156
2021-03-16 11:57:28.000,2021-03-16 11:57:28,0.36,0.0363600648,0.03634987142,0.3597465576041883
2021-03-16 11:57:28.500,2021-03-16 11:57:28,0.36,0.0363600648,0.03634987141,0.3597465575052205
2021-03-16 11:57:29.000,2021-03-16 11:57:29,0.36,0.0363600648,0.036349871400000004,0.35974655740625283
2021-03-16 11:57:29.500,2021-03-16 11:57:29,0.36,0.0363600648,0.03634987139,0.359746557307285
2021-03-16 11:57:30.000,2021-03-16 11:57:30,0.36,0.0363600648,0.03634987138,0.3597465572083173
2021-03-16 11:57:30.500,2021-03-16 11:57:30,0.36,0.0363600648,0.03634987137,0.35974655710934944
2021-03-16 11:57:31.000,2021-03-16 11:57:31,0.36,0.0363600648,0.03634987136,0.3597465570103817
2021-03-16 11:57:31.500,2021-03-16 11:57:31,0.36,0.0363600648,0.03634987135,0.3597465569114139
2021-03-16 11:57:32.000,2021-03-16 11:57:32,0.36,0.0363600648,0.03634987134,0.35974655681244616
2021-03-16 11:57:32.500,2021-03-16 11:57:32,0.36,0.0363600648,0.03634987133,0.3597465567134783
2021-03-16 11:57:33.000,2021-03-16 11:57:33,0.36,0.0363600648,0.036349871320000005,0.35974655661451066
2021-03-16 11:57:33.500,2021-03-16 11:57:33,0.36,0.0363600648,0.036349871310000004,0.3597465565155429
